-- phpMyAdmin SQL Dump
-- version 5.1.0
-- https://www.phpmyadmin.net/
--
-- Servidor: 127.0.0.1
-- Tiempo de generación: 03-11-2021 a las 21:40:55
-- Versión del servidor: 10.4.19-MariaDB
-- Versión de PHP: 8.0.6

SET SQL_MODE = "NO_AUTO_VALUE_ON_ZERO";
START TRANSACTION;
SET time_zone = "+00:00";


/*!40101 SET @OLD_CHARACTER_SET_CLIENT=@@CHARACTER_SET_CLIENT */;
/*!40101 SET @OLD_CHARACTER_SET_RESULTS=@@CHARACTER_SET_RESULTS */;
/*!40101 SET @OLD_COLLATION_CONNECTION=@@COLLATION_CONNECTION */;
/*!40101 SET NAMES utf8mb4 */;

--
-- Base de datos: `bascula`
--

-- --------------------------------------------------------

--
-- Estructura de tabla para la tabla `auth_group`
--

CREATE TABLE `auth_group` (
  `id` int(11) NOT NULL,
  `name` varchar(150) NOT NULL
) ENGINE=InnoDB DEFAULT CHARSET=utf8mb4;

-- --------------------------------------------------------

--
-- Estructura de tabla para la tabla `auth_group_permissions`
--

CREATE TABLE `auth_group_permissions` (
  `id` int(11) NOT NULL,
  `group_id` int(11) NOT NULL,
  `permission_id` int(11) NOT NULL
) ENGINE=InnoDB DEFAULT CHARSET=utf8mb4;

-- --------------------------------------------------------

--
-- Estructura de tabla para la tabla `auth_permission`
--

CREATE TABLE `auth_permission` (
  `id` int(11) NOT NULL,
  `name` varchar(255) NOT NULL,
  `content_type_id` int(11) NOT NULL,
  `codename` varchar(100) NOT NULL
) ENGINE=InnoDB DEFAULT CHARSET=utf8mb4;

--
-- Volcado de datos para la tabla `auth_permission`
--

INSERT INTO `auth_permission` (`id`, `name`, `content_type_id`, `codename`) VALUES
(1, 'Can add log entry', 1, 'add_logentry'),
(2, 'Can change log entry', 1, 'change_logentry'),
(3, 'Can delete log entry', 1, 'delete_logentry'),
(4, 'Can view log entry', 1, 'view_logentry'),
(5, 'Can add permission', 2, 'add_permission'),
(6, 'Can change permission', 2, 'change_permission'),
(7, 'Can delete permission', 2, 'delete_permission'),
(8, 'Can view permission', 2, 'view_permission'),
(9, 'Can add group', 3, 'add_group'),
(10, 'Can change group', 3, 'change_group'),
(11, 'Can delete group', 3, 'delete_group'),
(12, 'Can view group', 3, 'view_group'),
(13, 'Can add user', 4, 'add_user'),
(14, 'Can change user', 4, 'change_user'),
(15, 'Can delete user', 4, 'delete_user'),
(16, 'Can view user', 4, 'view_user'),
(17, 'Can add content type', 5, 'add_contenttype'),
(18, 'Can change content type', 5, 'change_contenttype'),
(19, 'Can delete content type', 5, 'delete_contenttype'),
(20, 'Can view content type', 5, 'view_contenttype'),
(21, 'Can add session', 6, 'add_session'),
(22, 'Can change session', 6, 'change_session'),
(23, 'Can delete session', 6, 'delete_session'),
(24, 'Can view session', 6, 'view_session');

-- --------------------------------------------------------

--
-- Estructura de tabla para la tabla `auth_user`
--

CREATE TABLE `auth_user` (
  `id` int(11) NOT NULL,
  `password` varchar(128) NOT NULL,
  `last_login` datetime(6) DEFAULT NULL,
  `is_superuser` tinyint(1) NOT NULL,
  `username` varchar(150) NOT NULL,
  `first_name` varchar(30) NOT NULL,
  `last_name` varchar(150) NOT NULL,
  `email` varchar(254) NOT NULL,
  `is_staff` tinyint(1) NOT NULL,
  `is_active` tinyint(1) NOT NULL,
  `date_joined` datetime(6) NOT NULL
) ENGINE=InnoDB DEFAULT CHARSET=utf8mb4;

--
-- Volcado de datos para la tabla `auth_user`
--

INSERT INTO `auth_user` (`id`, `password`, `last_login`, `is_superuser`, `username`, `first_name`, `last_name`, `email`, `is_staff`, `is_active`, `date_joined`) VALUES
(1, 'asd', '0000-00-00 00:00:00.000000', 0, 'chrisma', 'Christian', 'Matias', 'emailfalso@hotmail.com', 0, 1, '0000-00-00 00:00:00.000000');

-- --------------------------------------------------------

--
-- Estructura de tabla para la tabla `auth_user_groups`
--

CREATE TABLE `auth_user_groups` (
  `id` int(11) NOT NULL,
  `user_id` int(11) NOT NULL,
  `group_id` int(11) NOT NULL
) ENGINE=InnoDB DEFAULT CHARSET=utf8mb4;

-- --------------------------------------------------------

--
-- Estructura de tabla para la tabla `auth_user_user_permissions`
--

CREATE TABLE `auth_user_user_permissions` (
  `id` int(11) NOT NULL,
  `user_id` int(11) NOT NULL,
  `permission_id` int(11) NOT NULL
) ENGINE=InnoDB DEFAULT CHARSET=utf8mb4;

-- --------------------------------------------------------

--
-- Estructura de tabla para la tabla `camiones`
--

CREATE TABLE `camiones` (
  `ID` bigint(20) UNSIGNED NOT NULL,
  `PATENTE` varchar(7) NOT NULL,
  `CODIGO_TRANSPORTISTA` int(10) UNSIGNED NOT NULL,
  `TARA` float NOT NULL,
  `FCREACION` datetime DEFAULT current_timestamp(),
  `ACTIVO` tinyint(1) DEFAULT 1
) ENGINE=InnoDB DEFAULT CHARSET=utf8mb4;

--
-- Volcado de datos para la tabla `camiones`
--

INSERT INTO `camiones` (`ID`, `PATENTE`, `CODIGO_TRANSPORTISTA`, `TARA`, `FCREACION`, `ACTIVO`) VALUES
(69, 'AA414ET', 50024, 10760, '0000-00-00 00:00:00', 1),
(70, 'AA414EU', 50024, 0, '0000-00-00 00:00:00', 1),
(71, 'AA436BO', 50024, 10720, '0000-00-00 00:00:00', 1),
(72, 'AA436BP', 50024, 11240, '0000-00-00 00:00:00', 1),
(73, 'AA437BX', 50024, 10620, '0000-00-00 00:00:00', 1),
(74, 'AA630RI', 50025, 0, '0000-00-00 00:00:00', 1),
(75, 'AA630RJ', 50025, 0, '0000-00-00 00:00:00', 1),
(78, 'AA993SS', 50024, 0, '0000-00-00 00:00:00', 1),
(82, 'AC177LI', 50012, 11060, '0000-00-00 00:00:00', 1),
(84, 'AC247VV', 50024, 0, '0000-00-00 00:00:00', 1),
(87, 'AC283ST', 50024, 0, '0000-00-00 00:00:00', 1),
(91, 'AC744UX', 50025, 0, '0000-00-00 00:00:00', 1),
(94, 'AD168KB', 50039, 12640, '0000-00-00 00:00:00', 1),
(95, 'AD771VM', 50049, 0, '0000-00-00 00:00:00', 1),
(98, 'AGX660', 50034, 8600, '0000-00-00 00:00:00', 1),
(100, 'AMS732', 50012, 8460, '0000-00-00 00:00:00', 1),
(105, 'AXK942', 50032, 8580, '0000-00-00 00:00:00', 1),
(107, 'BGP149', 50032, 9640, '0000-00-00 00:00:00', 1),
(109, 'BJA893', 50035, 8260, '0000-00-00 00:00:00', 1),
(119, 'CDN972', 50044, 11260, '0000-00-00 00:00:00', 1),
(122, 'CDZ321', 50064, 0, '2021-11-03 17:32:21', 1),
(123, 'CEQ853', 50029, 9000, '0000-00-00 00:00:00', 1),
(125, 'CFP338', 50034, 8300, '0000-00-00 00:00:00', 1),
(128, 'CMC950', 50024, 0, '0000-00-00 00:00:00', 1),
(132, 'CVI201', 50025, 0, '0000-00-00 00:00:00', 1),
(137, 'DDI112', 50012, 11200, '0000-00-00 00:00:00', 1),
(143, 'DLZ542', 50027, 11420, '0000-00-00 00:00:00', 1),
(149, 'EBT398', 50030, 10880, '0000-00-00 00:00:00', 1),
(150, 'EDE554', 50024, 0, '0000-00-00 00:00:00', 1),
(153, 'EJH168', 50059, 11680, '0000-00-00 00:00:00', 1),
(156, 'EPA011', 50041, 8480, '0000-00-00 00:00:00', 1),
(157, 'EVB873', 50024, 0, '0000-00-00 00:00:00', 1),
(164, 'FJS226', 50059, 11120, '0000-00-00 00:00:00', 1),
(168, 'FST394', 50059, 11600, '0000-00-00 00:00:00', 1),
(173, 'GNS103', 50012, 8760, '0000-00-00 00:00:00', 1),
(178, 'HDB573', 50035, 7600, '0000-00-00 00:00:00', 1),
(183, 'HNO338', 50059, 13800, '0000-00-00 00:00:00', 1),
(185, 'HVZ403', 50064, 0, '0000-00-00 00:00:00', 1),
(188, 'IKZ487', 50024, 10740, '0000-00-00 00:00:00', 1),
(192, 'IPU780', 50059, 15200, '0000-00-00 00:00:00', 1),
(194, 'ITI212', 50024, 10900, '0000-00-00 00:00:00', 1),
(195, 'IVU806', 50024, 9740, '0000-00-00 00:00:00', 1),
(197, 'JYL658', 50024, 11260, '0000-00-00 00:00:00', 1),
(198, 'KEW957', 50024, 0, '0000-00-00 00:00:00', 1),
(200, 'KKG254', 50049, 0, '0000-00-00 00:00:00', 1),
(203, 'KMW025', 50025, 0, '0000-00-00 00:00:00', 1),
(205, 'LIJ904', 50024, 0, '0000-00-00 00:00:00', 1),
(207, 'LMK165', 50039, 14180, '0000-00-00 00:00:00', 1),
(208, 'LZE155', 50024, 5660, '0000-00-00 00:00:00', 1),
(213, 'NFU984', 50024, 0, '0000-00-00 00:00:00', 1),
(216, 'NKC159', 50024, 10240, '0000-00-00 00:00:00', 1),
(219, 'NXB259', 50024, 0, '0000-00-00 00:00:00', 1),
(220, 'NXB262', 50024, 0, '0000-00-00 00:00:00', 1),
(221, 'NXB263', 50024, 0, '0000-00-00 00:00:00', 1),
(222, 'NXB264', 50024, 0, '0000-00-00 00:00:00', 1),
(223, 'NYE950', 50024, 0, '0000-00-00 00:00:00', 1),
(224, 'ODA943', 50024, 0, '0000-00-00 00:00:00', 1),
(225, 'ODA944', 50024, 0, '0000-00-00 00:00:00', 1),
(226, 'ODA945', 50024, 0, '0000-00-00 00:00:00', 1),
(227, 'ODA946', 50024, 0, '0000-00-00 00:00:00', 1),
(228, 'OHC435', 50039, 15260, '0000-00-00 00:00:00', 1),
(229, 'OKB636', 50024, 9640, '0000-00-00 00:00:00', 1),
(232, 'OTG291', 50024, 0, '0000-00-00 00:00:00', 1),
(234, 'PAI923', 50025, 0, '0000-00-00 00:00:00', 1),
(235, 'PDE973', 50024, 0, '0000-00-00 00:00:00', 1),
(236, 'PDE975', 50024, 0, '0000-00-00 00:00:00', 1),
(237, 'PDU777', 50024, 10960, '0000-00-00 00:00:00', 1),
(238, 'PDU778', 50024, 10600, '0000-00-00 00:00:00', 1),
(239, 'PDU779', 50024, 10960, '0000-00-00 00:00:00', 1),
(240, 'PFA152', 50024, 11580, '0000-00-00 00:00:00', 1),
(242, 'PGF263', 50024, 0, '0000-00-00 00:00:00', 1),
(249, 'RNH655', 50029, 8560, '0000-00-00 00:00:00', 1),
(251, 'RQR505', 50012, 10400, '0000-00-00 00:00:00', 1),
(259, 'SAW927', 50027, 8127, '0000-00-00 00:00:00', 1),
(261, 'SHY782', 50012, 0, '0000-00-00 00:00:00', 1),
(265, 'SOY901', 50030, 0, '0000-00-00 00:00:00', 1),
(269, 'SVW979', 50061, 7800, '0000-00-00 00:00:00', 1),
(271, 'TEG608', 50024, 12620, '0000-00-00 00:00:00', 1),
(279, 'UMD966', 50041, 8320, '0000-00-00 00:00:00', 1),
(281, 'URD824', 50030, 0, '0000-00-00 00:00:00', 1),
(288, 'VJE673', 50029, 9160, '0000-00-00 00:00:00', 1),
(291, 'VTV962', 50029, 7480, '0000-00-00 00:00:00', 1),
(295, 'VYU040', 50012, 10340, '0000-00-00 00:00:00', 1),
(307, 'WUD002', 50029, 8040, '0000-00-00 00:00:00', 1),
(310, 'WYS583', 50012, 10540, '0000-00-00 00:00:00', 1),
(313, 'XKB052', 50042, 8120, '0000-00-00 00:00:00', 1);

-- --------------------------------------------------------

--
-- Estructura de tabla para la tabla `destinos`
--

CREATE TABLE `destinos` (
  `ID` bigint(20) UNSIGNED NOT NULL,
  `NOMBRE` varchar(255) NOT NULL,
  `FCREACION` datetime DEFAULT current_timestamp(),
  `ACTIVO` tinyint(1) DEFAULT 1
) ENGINE=InnoDB DEFAULT CHARSET=utf8mb4;

--
-- Volcado de datos para la tabla `destinos`
--

INSERT INTO `destinos` (`ID`, `NOMBRE`, `FCREACION`, `ACTIVO`) VALUES
(1, 'CDFR\r\n', '2021-10-30 20:59:19', 1),
(2, 'PLANTA SOCIAL\r\n', '2021-10-30 20:59:19', 1),
(3, 'OSSE', '2021-10-30 20:59:22', 1);

-- --------------------------------------------------------

--
-- Estructura de tabla para la tabla `django_admin_log`
--

CREATE TABLE `django_admin_log` (
  `id` int(11) NOT NULL,
  `action_time` datetime(6) NOT NULL,
  `object_id` longtext DEFAULT NULL,
  `object_repr` varchar(200) NOT NULL,
  `action_flag` smallint(5) UNSIGNED NOT NULL,
  `change_message` longtext NOT NULL,
  `content_type_id` int(11) DEFAULT NULL,
  `user_id` int(11) NOT NULL
) ENGINE=InnoDB DEFAULT CHARSET=utf8mb4;

-- --------------------------------------------------------

--
-- Estructura de tabla para la tabla `django_content_type`
--

CREATE TABLE `django_content_type` (
  `id` int(11) NOT NULL,
  `app_label` varchar(100) NOT NULL,
  `model` varchar(100) NOT NULL
) ENGINE=InnoDB DEFAULT CHARSET=utf8mb4;

--
-- Volcado de datos para la tabla `django_content_type`
--

INSERT INTO `django_content_type` (`id`, `app_label`, `model`) VALUES
(1, 'admin', 'logentry'),
(3, 'auth', 'group'),
(2, 'auth', 'permission'),
(4, 'auth', 'user'),
(5, 'contenttypes', 'contenttype'),
(6, 'sessions', 'session');

-- --------------------------------------------------------

--
-- Estructura de tabla para la tabla `django_migrations`
--

CREATE TABLE `django_migrations` (
  `id` int(11) NOT NULL,
  `app` varchar(255) NOT NULL,
  `name` varchar(255) NOT NULL,
  `applied` datetime(6) NOT NULL
) ENGINE=InnoDB DEFAULT CHARSET=utf8mb4;

--
-- Volcado de datos para la tabla `django_migrations`
--

INSERT INTO `django_migrations` (`id`, `app`, `name`, `applied`) VALUES
(1, 'contenttypes', '0001_initial', '2021-10-30 22:12:36.197807'),
(2, 'auth', '0001_initial', '2021-10-30 22:12:36.337819'),
(3, 'admin', '0001_initial', '2021-10-30 22:12:36.686545'),
(4, 'admin', '0002_logentry_remove_auto_add', '2021-10-30 22:12:36.796021'),
(5, 'admin', '0003_logentry_add_action_flag_choices', '2021-10-30 22:12:36.817025'),
(6, 'contenttypes', '0002_remove_content_type_name', '2021-10-30 22:12:36.912031'),
(7, 'auth', '0002_alter_permission_name_max_length', '2021-10-30 22:12:36.945036'),
(8, 'auth', '0003_alter_user_email_max_length', '2021-10-30 22:12:36.967037'),
(9, 'auth', '0004_alter_user_username_opts', '2021-10-30 22:12:36.985039'),
(10, 'auth', '0005_alter_user_last_login_null', '2021-10-30 22:12:37.018045'),
(11, 'auth', '0006_require_contenttypes_0002', '2021-10-30 22:12:37.022043'),
(12, 'auth', '0007_alter_validators_add_error_messages', '2021-10-30 22:12:37.036041'),
(13, 'auth', '0008_alter_user_username_max_length', '2021-10-30 22:12:37.057043'),
(14, 'auth', '0009_alter_user_last_name_max_length', '2021-10-30 22:12:37.078049'),
(15, 'auth', '0010_alter_group_name_max_length', '2021-10-30 22:12:37.101046'),
(16, 'auth', '0011_update_proxy_permissions', '2021-10-30 22:12:37.114046'),
(17, 'sessions', '0001_initial', '2021-10-30 22:12:37.134049');

-- --------------------------------------------------------

--
-- Estructura de tabla para la tabla `django_session`
--

CREATE TABLE `django_session` (
  `session_key` varchar(40) NOT NULL,
  `session_data` longtext NOT NULL,
  `expire_date` datetime(6) NOT NULL
) ENGINE=InnoDB DEFAULT CHARSET=utf8mb4;

-- --------------------------------------------------------

--
-- Estructura de tabla para la tabla `generadores`
--

CREATE TABLE `generadores` (
  `ID` bigint(20) UNSIGNED NOT NULL,
  `NOMBRE` varchar(255) NOT NULL,
  `NOMBRE_FANTASIA` varchar(255) NOT NULL,
  `CUIT` varchar(13) NOT NULL,
  `FCREACION` datetime DEFAULT current_timestamp(),
  `ACTIVO` tinyint(1) DEFAULT 1
) ENGINE=InnoDB DEFAULT CHARSET=utf8mb4;

--
-- Volcado de datos para la tabla `generadores`
--

INSERT INTO `generadores` (`ID`, `NOMBRE`, `NOMBRE_FANTASIA`, `CUIT`, `FCREACION`, `ACTIVO`) VALUES
(1, 'LAVADERO MDP S.R.L.', 'LAVADERO MDP', '30-58933576-3', '2021-11-03 17:27:13', 1),
(2, 'PEPSICO DE ARGENTINA S.A.', 'PEPSICO', '30-53764771-6', '2021-11-03 17:27:13', 1),
(5, 'B. BRAUN MEDICAL S.A.', 'B BRAUN S.A.', '30-69074787-8', '2021-11-03 17:27:13', 1),
(7, 'SISTEMAS AMBIENTALES S.A.', 'SISTEMAS AMBIENTALES', '30-67963320-8', '2021-11-03 17:27:13', 1),
(8, 'QUIMICOS ESSIOD S.A.', 'QUIMICOS ESSIOD', '30-60201135-2', '2021-11-03 17:27:13', 1),
(11, 'CIAGESER S.A.', 'CIAGESER', '30-70759266-0', '2021-11-03 17:27:13', 1),
(25, 'BERNABEU SONIA (LA LUJANERA)', 'LA LUJANERA', '27-18704760-4', '2021-11-03 17:27:13', 1),
(46, 'NUEVO VIENTO S.R.L.', 'NUEVO VIENTO S.R.L.', '30-68556541-9', '2021-11-03 17:27:13', 1),
(52, 'OLAMAR S.A.', 'OLAMAR S.A.', '30-70810016-8', '2021-11-03 17:27:13', 1),
(54, 'NATUSUR S.A.', 'NATUSUR S.A.', '30-69000818-8', '2021-11-03 17:27:13', 1),
(56, 'JOSE DI SCALA E HIJOS S.A.', 'JOSE DI SCALA E HIJOS S.A.', '30-68562953-0', '2021-11-03 17:27:13', 1),
(58, 'INDUSTRIA ANCHOMAR S.A.', 'INDUSTRIA ANCHOMAR S.A.', '30-71050484-5', '2021-11-03 17:27:13', 1),
(60, 'COOMARPES LTDA', 'COOMARPES', '30-50403682-7', '2021-11-03 17:27:13', 1),
(62, 'FRANCISCO M. NUCETE JIMENA Y M. DEL CARMEN', 'MELILLA', '30-67955301-8', '2021-11-03 17:27:13', 1),
(66, 'CATESUR S.A.', 'CATESUR', '30-70899628-5', '2021-11-03 17:27:13', 1),
(70, 'MATTERA HNOS S.A.', 'MATTERA HNOS S.A.', '33-64646527-9', '2021-11-03 17:27:13', 1),
(76, 'SUPERMERCADOS TOLEDO', 'TOLEDO SUPERMERCADOS ', '30-55149749-2', '2021-11-03 17:27:13', 1),
(77, 'LA CAMPAGNOLA', 'LA CAMPAGNOLA S.A.C.I.', '30-52551891-0', '2021-11-03 17:27:13', 1),
(78, 'CONGELADOS ARTICO S.A.', 'CONGELADOS ARTICO S.A.', '30-65482746-6', '2021-11-03 17:27:13', 1),
(79, 'GAVETECO S.A.I.C.F.E.I.', 'GAVETECO S.A.I.C.F. E I.', '30-50373996-4', '2021-11-03 17:27:13', 1),
(80, 'MARINA PORT SERVICES S.R.L.', 'MARINA PORT SERVICES S.R.L.', '30-70870448-9', '2021-11-03 17:27:13', 1),
(81, 'COMERCIAL INAL 2005 S.A.', 'COMERCIAL INAL 2005 S.A.', '30-70907034-3', '2021-11-03 17:27:13', 1),
(83, 'MARBELLA S.A.I.C.', 'MARBELLA S.A.I.C', '30-53109044-2', '2021-11-03 17:27:13', 1),
(84, 'LAYPA S.A.', 'LAYPA S.A.', '30-55649423-8', '2021-11-03 17:27:13', 1),
(85, 'WANCHESE ARGENTINA S.R.L.', 'WANCHESE ARGENTINA S.R.L.', '30-68513999-1', '2021-11-03 17:27:13', 1),
(86, 'JOSE MOSCUZZA Y CIA S.A.', 'MOSCUZZA REDES', '30-50431047-3', '2021-11-03 17:27:13', 1),
(87, 'TRANSPORTES SCOR-DINA S.A.', 'SCOR-DINA S.A.', '30-51854908-8', '2021-11-03 17:27:13', 1),
(88, 'INFRIBA S.A.', 'INFRIBA S.A.', '30-60870834-7', '2021-11-03 17:27:13', 1),
(90, 'OMEGA SUR S.A.', 'OMEGA SUR S.A.', '30-70768524-3', '2021-11-03 17:27:13', 1),
(91, 'MATERIA HNOS S.A.C.I.F.', 'MATERIA HNOS S.A.C.I.F.', '30-50583922-2', '2021-11-03 17:27:13', 1),
(92, 'VISONES SANTA CATALINA S.R.L.', 'VISONES SANTA CATALINA', '30-70838883-8', '2021-11-03 17:27:13', 1),
(93, 'CABRALES S.A.', 'CABRALES', '30-53774574-2', '2021-11-03 17:27:13', 1),
(94, 'MARDI S.A.', 'MARDI S.A.', '30-62074449-9', '2021-11-03 17:27:13', 1),
(95, 'TEXTILANA S.A.', 'TEXTILANA S.A.', '30-58707519-5', '2021-11-03 17:27:13', 1),
(96, 'EL RAPIDO ARGENTINO', 'EL RAPIDO ARGENTINO', '30-54622230-2', '2021-11-03 17:27:13', 1),
(97, 'CHIARPESCA S.A.', 'CHIARPESCA S.A.', '30-66332187-7', '2021-11-03 17:27:13', 1),
(98, 'METALURGICA BONANO S.A.', 'METALURGICA BONANO S.A.', '30-58329816-5', '2021-11-03 17:27:13', 1),
(99, 'REGINALD LEE S.A.', 'COCA COLA', '30-53662310-4', '2021-11-03 17:27:13', 1),
(100, 'GLACIAR PESQUERA S.A.', 'GLACIAR PESQUERA S.A.', '30-68297158-0', '2021-11-03 17:27:13', 1),
(101, 'ESKABE S.A.', 'ESKABE', '30-50333978-8', '2021-11-03 17:27:13', 1),
(102, 'COPECA S.A.', 'COPECA S.A.', '30-64683270-1', '2021-11-03 17:27:13', 1),
(103, 'OACI S.A. (CIARDI HNOS)', 'CIARDI HNOS', '30-59108779-3', '2021-11-03 17:27:13', 1),
(104, 'ARDAPEZ S.A.', 'ARDAPEZ', '30-66613523-3', '2021-11-03 17:27:13', 1),
(105, 'R.C.I. S.R.L.', 'R.C.I. S.R.L.', '30-70863137-6', '2021-11-03 17:27:13', 1),
(106, 'TECMAR S.A.', 'TECMAR S.A.', '30-67678547-3', '2021-11-03 17:27:13', 1),
(108, 'ASTILLERO NAVAL FEDERICO CONTESSI CIA SACIFAN', 'ASTILLERO CONTESSI', '30-50698833-7', '2021-11-03 17:27:13', 1),
(109, 'SUPREMAC?A MARINA S.A.', 'SUPREMAC?A MARINA S.A.', '30-71094595-7', '2021-11-03 17:27:13', 1),
(110, 'ISOLA VERDE 1? S.R.L.', 'ISOLA VERDE 1?', '33-64295439-9', '2021-11-03 17:27:13', 1),
(112, 'ESTEBAN RAUL ZUBILLAGA', '#N/D', '20-05331059-2', '2021-11-03 17:27:13', 1),
(113, 'IMEPHO S.A.', 'IMEPHO', '33-55876285-9', '2021-11-03 17:27:13', 1),
(114, 'PEDRO MOSCUZZA E HIJOS S.A.', 'PEDRO MOSCUZZA E HIJOS S.A.', '30-50471539-2', '2021-11-03 17:27:13', 1),
(115, 'TRANSPORTES AUTOMOTORES PLUSMAR S.A.', 'PLUSMAR', '30-57733887-2', '2021-11-03 17:27:13', 1),
(116, 'CHIARCO S.A.', '#N/D', '33-71149686-9', '2021-11-03 17:27:13', 1),
(119, 'LUIS SOLIMENO E HIJOS S.A.', 'LUIS SOLIMENO E HIJOS S.A.', '33-57012494-9', '2021-11-03 17:27:13', 1),
(120, 'PESQUERA COMERCIAL S.A.', 'PESQUERA COMERCIAL S.A.', '30-65204924-5', '2021-11-03 17:27:13', 1),
(122, 'PRANAS S.A.', 'PRANAS S.A.', '30-68999177-3', '2021-11-03 17:27:13', 1),
(123, 'RAUL VIDAL', 'RAUL VIDAL', '23-07816020-9', '2021-11-03 17:27:13', 1),
(124, 'PESCA ARGENTINA S.A.', 'PESCA ARGENTINA', '30-70962453-5', '2021-11-03 17:27:13', 1),
(125, 'EL MARISCO S.A.', 'EL MARISCO', '30-56307834-7', '2021-11-03 17:27:13', 1),
(126, 'DISEMAR S.A. (BELLEZA DEL MAR)', 'BELLEZA DEL MAR', '30-70981659-0', '2021-11-03 17:27:13', 1),
(127, 'AGUSTINER S.A.', 'AGUSTINER', '30-62121268-7', '2021-11-03 17:27:13', 1),
(128, 'DELICIAS S.A.', 'DELICIAS MARINAS', '30-70158557-3', '2021-11-03 17:27:13', 1),
(130, 'MAR PICADO S.A.', 'MAR PICADO S.A.', '30-62341301-9', '2021-11-03 17:27:13', 1),
(131, 'MDQ LE SPORT S.A.', 'OPEN SPORTS', '30-70815705-4', '2021-11-03 17:27:13', 1),
(132, 'MILLA MAR DEL PLATA S.A.', 'MILLA MAR DEL PLATA', '30-71179282-8', '2021-11-03 17:27:13', 1),
(133, 'HILLER S.A. (HERGO)', 'HERGO SUPER MAYORISTA', '33-68519836-9', '2021-11-03 17:27:13', 1),
(134, 'CERROSUD S.A.', 'CERROSUD', '30-53452889-9', '2021-11-03 17:27:13', 1),
(135, 'SE?ORANS ADRIAN GUSTAVO', 'SE?ORANS ADRIAN GUSTAVO', '20-17796675-5', '2021-11-03 17:27:13', 1),
(136, 'TRAWELUWN S.A.', 'TRAWELUWN S.A.', '30-70978488-5', '2021-11-03 17:27:13', 1),
(138, 'SOLUCIONES NAVALES S.R.L.', 'SOLUCIONES NAVALES S.R.L.', '30-70867304-4', '2021-11-03 17:27:13', 1),
(139, 'TATURIELLO S.A.', 'TATURIELLO S.A.', '33-68561875-9', '2021-11-03 17:27:13', 1),
(140, 'OSTRAMAR S.A.', 'OSTRAMAR S.A.', '30-59733304-4', '2021-11-03 17:27:13', 1),
(142, 'SERVICIOS PORTUARIOS INTEGRADOS S.A.', 'SPI ASTILLEROS', '30-57879039-6', '2021-11-03 17:27:13', 1),
(143, 'INDABA INTERNACIONAL S.A.', 'INDABA INTERNACIONAL S.A.', '30-70815875-1', '2021-11-03 17:27:13', 1),
(144, 'FOOD ARTS S.A. (KALEU KALEU)', 'KALEU KALEU', '30-70737964-9', '2021-11-03 17:27:13', 1),
(145, 'HESPARREN S.R.L.', 'HESPARREN S.R.L.', '30-70950202-2', '2021-11-03 17:27:13', 1),
(146, 'VIALVE S.A.', 'VIALVE S.A.', '30-70066760-6', '2021-11-03 17:27:13', 1),
(147, 'DI YORIO E HIJOS S.R.L.', 'DI YORIO E HIJOS S.R.L.', '30-68556718-7', '2021-11-03 17:27:13', 1),
(148, 'COPPENS S.A.', 'COPPENS S.A.', '30-51967820-5', '2021-11-03 17:27:13', 1),
(149, 'INDUSTRIA SANTA MARIA DEL MAR S.R.L.', 'INDUSTRIA SANTA MARIA DEL MAR', '30-70789279-6', '2021-11-03 17:27:13', 1),
(150, 'GOLDEN FRUIT S.A.', 'GOLDEN FRUIT S.A.', '30-68997508-5', '2021-11-03 17:27:13', 1),
(151, 'DE FRANCESCO', 'DE FRANCESCO', '20-12863421-6', '2021-11-03 17:27:13', 1),
(152, 'FRIGORIFICO DON LUIS S.R.L.', 'FRIGORIFICO DON LUIS S.R.L.', '30-70734464-0', '2021-11-03 17:27:13', 1),
(153, 'VEPEZ S.A.', 'VEPEZ S.A. ', '30-71196009-7', '2021-11-03 17:27:13', 1),
(154, 'LA ISOLANA S.R.L.', 'LA ISOLANA S.R.L.', '30-64178910-7', '2021-11-03 17:27:13', 1),
(157, 'SIDER GROUP S.A.', 'CENTRO SIDER', '30-71163550-1', '2021-11-03 17:27:13', 1),
(158, 'MOLINA MARCELO ANTONIO (PESCADER?A EL TIMON)', 'PESCADERIA EL TIMON', '23-16147562-9', '2021-11-03 17:27:13', 1),
(159, 'CIA. IND. FRUTIHORTICOLA S.A.', 'CIFSA', '30-62432652-7', '2021-11-03 17:27:13', 1),
(160, 'PAPASUD S.A.', 'PAPASUD S.A.', '30-70848892-1', '2021-11-03 17:27:13', 1),
(162, 'SUR ESTE ARGEN S.A.', 'SUR ESTE ARGEN S.A.', '30-65766938-1', '2021-11-03 17:27:13', 1),
(163, 'NORGREEN S.A.', 'NORGREEN S.A.', '30-67961829-2', '2021-11-03 17:27:13', 1),
(165, 'MARBETAN S.A.', 'MARBETAN', '30-61592298-2', '2021-11-03 17:27:13', 1),
(166, 'SUPERMERCADOS MAYORISTAS MAKRO S.A.', 'SUPERMERCADOS MAKRO', '30-58962149-9', '2021-11-03 17:27:13', 1),
(167, 'PAMPA FISH S.A.', 'PAMPA FISH S.A.', '30-70954380-2', '2021-11-03 17:27:13', 1),
(168, 'WALTER MONZON', 'AGENCIA MARITIMA CHAURA', '20-25026242-7', '2021-11-03 17:27:13', 1),
(170, 'EL RAPIDO DEL SUD S.A.', 'EL R?PIDO DEL SUD', '30-54634008-9', '2021-11-03 17:27:13', 1),
(171, 'MUNICIPALIDAD DE MAR CHIQUITA', 'MAR CHIQUITA', '30-63942961-6', '2021-11-03 17:27:13', 1),
(172, 'LABORATORIOS PHARMAMERICAN S.R.L.', 'SAINT GOTTARD', '30-67957482-1', '2021-11-03 17:27:13', 1),
(173, 'GIL COMES ARGENTINA S.R.L.', 'GIL COMES', '30-71143183-3', '2021-11-03 17:27:13', 1),
(174, 'MASSON Y MASSON S.R.L.', 'EL PAMPEANO', '30-68134439-6', '2021-11-03 17:27:13', 1),
(175, 'YPF GAS S.A. (PLANTA 1)', 'YPF GAS ', '30-51548847-9', '2021-11-03 17:27:13', 1),
(177, 'SUPERMERCADO MAYORISTA YAGUAR S.A.', 'SUPERMERCADO YAGUAR', '30-62964267-2', '2021-11-03 17:27:13', 1),
(180, 'MAREVEL S.A.', 'MAREVEL S.A.', '30-70809399-4', '2021-11-03 17:27:13', 1),
(181, 'GOMERIA ALBERTI S.R.L.', 'GOMERIA ALBERTI', '30-67962662-7', '2021-11-03 17:27:13', 1),
(182, 'CENTAURO S.A.', 'CENTAURO S.SA', '30-52318665-1', '2021-11-03 17:27:13', 1),
(184, 'TODO NEUMATICO S.R.L.', 'TODO NEUMATICO', '30-70828337-8', '2021-11-03 17:27:13', 1),
(185, 'MAR DEL PLATA SODA S.A.', 'MAR DEL PLATA SODA S.A.', '30-56182024-0', '2021-11-03 17:27:13', 1),
(186, 'NUTRECO ALIMENTOS S.A.', 'NUTRECO ALIMENTOS', '30-67221680-6', '2021-11-03 17:27:13', 1),
(187, 'TERAMAL S.A.', 'TERAMAL S.A.', '30-59133111-2', '2021-11-03 17:27:13', 1),
(188, 'AP ARGENTINA S.A.', 'AP ARGENTINA', '30-70872554-0', '2021-11-03 17:27:13', 1),
(191, 'ELAS S.R.L. (EL GRIEGO)', 'EL GRIEGO', '30-68561943-8', '2021-11-03 17:27:13', 1),
(192, 'SANDCITY SA', 'BALN HORIZONTE DEL SOL', '30-71254952-8', '2021-11-03 17:27:13', 1),
(193, 'MILTON S.A.', 'ANTARES', '30-70809715-9', '2021-11-03 17:27:13', 1),
(194, 'MCCAIN ARGENTINA S.A.', 'MCCAIN', '30-67964590-7', '2021-11-03 17:27:13', 1),
(195, 'LABORATORIOS QUIMICOS S.R.L.', 'GIHON', '30-63854701-1', '2021-11-03 17:27:13', 1),
(197, 'CARPINTERIA DAMIANI S.R.L.', 'CARPINTERIA DAMIANI', '30-68559694-2', '2021-11-03 17:27:13', 1),
(198, 'COLINAS DE PAZ', 'COLINAS DE PAZ', '30-58819476-7', '2021-11-03 17:27:13', 1),
(199, 'SOLANA S.R.L.', 'SOLANA S.R.L.', '30-62442042-6', '2021-11-03 17:27:13', 1),
(200, 'BALI?A ANGEL PABLO', 'NEUMATICOS APOLO XI', '20-18139852-4', '2021-11-03 17:27:13', 1),
(201, 'SUCESION DE FICICCHIA ALDO F', 'CRIADERO FICICCHIA', '20-05303845-0', '2021-11-03 17:27:13', 1),
(203, 'SALAMAR S.A.', 'SALAMAR', '30-69260689-9', '2021-11-03 17:27:13', 1),
(204, 'PANEDILE ARGENTINA S.A.I.C.F. E.I. TESUR S.A.-UTE', 'PANEDILE ARGENTINA', '30-71425040-6', '2021-11-03 17:27:13', 1),
(207, 'FRIGORIFICO DEL SUD-ESTE S.A.', 'FRIGORIFICO DEL SUD-ESTE', '30-50095993-9', '2021-11-03 17:27:13', 1),
(208, '14 DE JULIO S.A.', '14 DE JULIO S.A.', '30-67957864-9', '2021-11-03 17:27:13', 1),
(209, 'COARCO S.A.', 'COARCO', '30-51650063-4', '2021-11-03 17:27:13', 1),
(210, 'NEUMATICOS INDEPENDENCIA S.R.L. (VULCAMOIA)', 'VULCAMOIA NEUMATICOS', '30-71464938-4', '2021-11-03 17:27:13', 1),
(211, 'LAGOMARSINO S.A.', 'MOLINO CONCEPCION', '30-54171633-1', '2021-11-03 17:27:13', 1),
(212, 'LEGS CORP S.A.', 'SACOA', '33-70830720-9', '2021-11-03 17:27:13', 1),
(213, 'COOPERATIVA NUEVO RUMBO', '.', '30-70961374-6', '2021-11-03 17:27:13', 1),
(214, 'ARQUIMICA S.R.L.', 'ARQUIMICA S.R.L.', '30-70905910-2', '2021-11-03 17:27:13', 1),
(215, 'SUR TRADE S.A.', 'SUR TRADE FRIGORIFICO', '30-67682762-1', '2021-11-03 17:27:13', 1),
(216, 'INCLUMAR S.A.', 'INCLUMAR', '30-71520457-2', '2021-11-03 17:27:13', 1),
(217, 'COOP. DE TRABAJO NUEVO AMANECER', 'COOP. NUEVO AMANECER LTDA', '30-71401632-2', '2021-11-03 17:27:13', 1),
(219, 'NUEVO CENTRO COMERCIAL DEL PUERTO', 'NVO CENTRO COM DEL PUERTO', '30-70817391-2', '2021-11-03 17:27:13', 1),
(220, 'RECICLADORA AUTOMOTORES MDQ S.A.', 'RECICLADORA AUTOMOTORES MDQ S.A.', '30-71490005-2', '2021-11-03 17:27:13', 1),
(221, 'SANCHEZ JORGE MANUEL', 'SHOW WHEELS', '20-27625654-9', '2021-11-03 17:27:13', 1),
(223, 'ANTONIO PORPIGLIA S.A.', 'MATEXSUR', '30-64064071-1', '2021-11-03 17:27:13', 1),
(224, 'COOP. DE TRABAJO NUEVO ARHEHPEZ', 'COOP. NUEVO ARHEHPEZ LTDA', '33-71486949-9', '2021-11-03 17:27:13', 1),
(227, 'LLULL SERVICIOS Y NEUM?TICOS', 'LLULL SERVICIOS Y NEUM?TICOS', '20-10967757-5', '2021-11-03 17:27:13', 1),
(228, 'DEPOSITO JUNCAL S.A.', 'DEPOSITO JUNCAL S.A.', '30-71435229-2', '2021-11-03 17:27:13', 1),
(229, 'RECUPERADORA ALETRIO S.A.', 'RECUPERADORA ALETRIO', '30-71447056-2', '2021-11-03 17:27:13', 1),
(230, 'CENCOSUD S.A. (EASY)', 'EASY', '30-59036076-3', '2021-11-03 17:27:13', 1),
(231, 'AQV AMBIENTAL', 'AQV AMBIENTAL', '30-71584465-2', '2021-11-03 17:27:13', 1),
(232, 'SUIZO ARGENTINA S.A.', 'SUIZO ARGENTINA S.A.', '30-51696843-1', '2021-11-03 17:27:13', 1),
(233, 'COOPERATIVA DE HORTICULTORES MDP LTDA', 'COOP. HORTICULTORES MDP', '33-53527758-9', '2021-11-03 17:27:13', 1),
(234, 'FRIO POLAR S.A.', 'FRIO POLAR S.A.', '30-71087051-5', '2021-11-03 17:27:13', 1),
(235, 'PLASTICOS SAN FRANCISCO S.A.C.I.F.', 'PLASTICOS SAN FRANCISCO ', '33-52186945-9', '2021-11-03 17:27:13', 1),
(236, 'PESQUERA GEMINIS S.A.', 'PESQUERA GEMINIS S.A.', '30-68557384-5', '2021-11-03 17:27:13', 1),
(237, 'BRICKLAND DVLP S.A.', 'ROYAL PARK', '30-71052507-9', '2021-11-03 17:27:13', 1),
(238, 'RESICONT S.A.', 'RESICONT', '30-71528156-9', '2021-11-03 17:27:13', 1),
(239, 'CONSORCIO PORTUARIO REGIONAL DE MAR DEL PLATA', 'CONSORCIO PORTUARIO MDP', '30-70738200-3', '2021-11-03 17:27:13', 1),
(240, 'PROCOSUD S.A.', 'PROCOSUD S.A.', '30-61658268-9', '2021-11-03 17:27:13', 1),
(241, 'SURANO S.A.', 'GRUPO LAR', '30-71185614-1', '2021-11-03 17:27:13', 1),
(242, 'MOBILI MDQ S.A.', 'MOBILI MDQ S.A.', '30-71418603-1', '2021-11-03 17:27:13', 1),
(243, 'EMPRESA ARGENTINA S.A.T.A', 'EMPRESA ARGENTINA S.A.T.A', '30-54625314-3', '2021-11-03 17:27:13', 1),
(244, 'HAVANNA S.A.', '#N/D', '33-69723104-9', '2021-11-03 17:27:13', 1),
(245, 'TROMAR ATLANTICO S.R.L.', 'TROMARCO EDIFICIOS', '30-71205329-8', '2021-11-03 17:27:13', 1),
(247, 'SWIBOWICZ PABLO (MATERIALES SAN PABLO)', 'MATERIALES SAN PABLO', '20-93726627-9', '2021-11-03 17:27:13', 1),
(248, 'RUTENIA S.A.', 'RUTENIA S.A.', '30-71200330-4', '2021-11-03 17:27:13', 1),
(249, 'QUINTEROS MARIO GERMAN (ALFA CERAMICOS)', 'ALFA CERAMICOS', '20-30799959-6', '2021-11-03 17:27:13', 1),
(251, 'EMP. DE TRANSPORTE PERALTA RAMOS S.A.', 'TRANSPORTE PERALTA RAMOS', '30-54635452-7', '2021-11-03 17:27:13', 1),
(252, 'TRANSPORTES 25 DE MAYO S.R.L.', 'TRANSPORTES 25 DE MAYO', '30-57190059-5', '2021-11-03 17:27:13', 1),
(253, 'INC S.A. (CARREFOUR)', 'SUPERMERCADO CARREFOUR', '30-68731043-4', '2021-11-03 17:27:13', 1),
(254, 'CORREA TUGORES S.R.L.', 'MALONDRA CORREA MOBILIARIO ', '33-71424385-9', '2021-11-03 17:27:13', 1),
(255, 'L.E.CER S.R.L.', 'LA ESQUINA DEL CERAMICO', '30-70816952-4', '2021-11-03 17:27:13', 1),
(256, 'PESCASOL S.A.', 'BUQUE LUCA MARIO', '30-68142069-6', '2021-11-03 17:27:13', 1),
(257, 'COSTA MARINA S.A.', 'BUQUE PONTE DE RANDE', '30-68136732-9', '2021-11-03 17:27:13', 1),
(258, 'INAREPS', 'INAREPS', '30-63052150-1', '2021-11-03 17:27:13', 1),
(259, 'NIETOS DE ANTONIO BALDINO S.A.', 'NIETOS DE ANTONIO BALDINO S.A.', '30-71422864-8', '2021-11-03 17:27:13', 1),
(260, 'SILBRUMAR S.R.L.', 'SILBRUMAR S.R.L.', '30-70980425-8', '2021-11-03 17:27:13', 1),
(261, 'ARTURO RICARDO MARTINS', 'SASULA', '20-12063650-3', '2021-11-03 17:27:13', 1),
(262, 'MARMOLERIA SAN DIEGO S.R.L.', 'SAN DIEGO MESADAS', '30-71067050-8', '2021-11-03 17:27:13', 1),
(263, 'XEITOSI?O S.A.', 'XEITOSI?O S.A.', '30-71465933-9', '2021-11-03 17:27:13', 1),
(264, 'MALAL HUE EN CHAPADMALAL S.A.', 'MALAL HUE', '30-51330954-2', '2021-11-03 17:27:13', 1),
(265, 'LHMAC XXI S.A.', 'LHMAC XXI S.A.', '30-71449060-1', '2021-11-03 17:27:13', 1),
(267, 'PUEYRREDON RUGBY CLUB', 'PUEYRREDON RUGBY CLUB', '30-68136602-0', '2021-11-03 17:27:13', 1),
(268, 'FIDEICOMISO EG 12', 'FIDEICOMISO EG 12', '30-71556981-3', '2021-11-03 17:27:13', 1),
(269, 'FIDEICOMISO EG 14', 'FIDEICOMISO EG 14', '30-71589737-3', '2021-11-03 17:27:13', 1),
(270, 'MARCELO M. CINQUE S.A.', 'CINTER CRISTALES', '33-71514250-9', '2021-11-03 17:27:13', 1),
(271, 'VILLA TOMAS SANTIAGO ZENON', '#N/D', '20-26107237-9', '2021-11-03 17:27:13', 1),
(272, 'NAIKA S.A.', 'NAIKA', '30-69254390-0', '2021-11-03 17:27:13', 1),
(273, 'POMPHILE JULIO', 'POMPHILE JULIO', '20-11743050-3', '2021-11-03 17:27:13', 1),
(274, 'RECMIL S.A.', 'RECMIL S.A.', '30-70800922-5', '2021-11-03 17:27:13', 1),
(275, 'LUCRINO MARE S.A. (EL REY DE LAS RABAS)', 'EL REY DE LAS RABAS', '30-71053064-1', '2021-11-03 17:27:13', 1),
(276, 'OPERADORA SAN JUAN S.A. (SHELL)', 'ESTACION SHELL', '30-70949742-8', '2021-11-03 17:27:13', 1),
(277, 'SCANIA ARGENTINA S.A.', '#N/D', '30-51742432-3', '2021-11-03 17:27:13', 1),
(278, 'MAURO ARIEL SAMPIRISI', 'MAURO ARIEL SAMPIRISI', '20-21376979-1', '2021-11-03 17:27:13', 1),
(279, 'NOVAMAR S.A.', 'NOVAMAR S.A.', '30-61608409-3', '2021-11-03 17:27:13', 1),
(280, 'PESQUERA CERES S.A.', 'PESQUERA CERES S.A.', '30-67955547-9', '2021-11-03 17:27:13', 1),
(281, 'MIA S.A.', 'MIA S.A.', '30-63125252-0', '2021-11-03 17:27:13', 1),
(282, 'NIRO CONSTRUCCIONES S.A.', 'NIRO CONSTRUCCIONES', '33-58817197-9', '2021-11-03 17:27:13', 1),
(283, 'PLASTIGAS MAR DEL PLATA S.A.', 'PLASTIGAS MAR DEL PLATA S.A.', '30-52333600-9', '2021-11-03 17:27:13', 1),
(284, 'ALDEMAC S.A. (HOTEL HERODES)', 'HOTEL HERODES', '30-64610328-9', '2021-11-03 17:27:13', 1),
(285, 'MAR CALMO S.R.L.', 'MAR CALMO S.R.L.', '30-71031540-6', '2021-11-03 17:27:13', 1),
(286, 'HERNANDEZ, LUCAS MARCELO', '#N/D', '20-29257912-9', '2021-11-03 17:27:13', 1),
(287, 'DI SANTO GUSTAVO JAVIER (CERRO DORADO REV)', 'CERRO DORADO REVESTIMIENTOS', '20-26438172-0', '2021-11-03 17:27:13', 1),
(288, 'PUERTO MI?OR S.A.', 'PUERTO MI?OR S.A.', '30-70969910-1', '2021-11-03 17:27:13', 1),
(289, 'MADERERA JUAN B. JUSTO S.R.L.', 'JUAN B. JUSTO PLACAS Y MADERAS', '30-58944525-9', '2021-11-03 17:27:13', 1),
(290, 'MARTINEZ ROSANA PATRICIA (TRANSFRIO)', 'TRANSFRIO', '27-14671663-1', '2021-11-03 17:27:13', 1),
(291, 'VICTOR ALEJANDRO VEGA S.A.', 'VICTOR VEGA MAT. PARA LA CONST.', '30-66615437-8', '2021-11-03 17:27:13', 1),
(292, 'DESECHOS TECNOLOGICOS S.R.L.', 'DESECHOS TECNOLOGICOS', '33-71090519-9', '2021-11-03 17:27:13', 1),
(293, 'I.N.I.D.E.P.', 'I.N.I.D.E.P.', '30-57229537-7', '2021-11-03 17:27:13', 1),
(294, 'FUNDACION MEDICA MAR DEL PLATA (HPC)', 'HPC -HOSP PRIV DE COMUNIDAD', '30-54612550-1', '2021-11-03 17:27:13', 1),
(295, 'TECNOPESCA ARGENTINA S.A.', 'TECNOPESCA ARGENTINA S.A.', '30-67958454-1', '2021-11-03 17:27:13', 1),
(297, 'ASOC CIV.PEQ.OBRA DE LA DIV.PROV. HOGAR DON ORIONE', 'HOGAR DON ORIONE Y CENTRO DE DIA', '30-57346414-8', '2021-11-03 17:27:13', 1),
(298, 'CONSORCIO ARENAS DEL SUR', 'BARRIO ARENAS DEL SUR', '30-71033086-3', '2021-11-03 17:27:13', 1),
(299, 'NUSADUA S.A. (ABRACADABRA BEACH)', 'ABRACADABRA BEACH', '30-71429515-9', '2021-11-03 17:27:13', 1),
(300, 'LUIS ALBERTO CARMONA (LA CASETA)', 'LUIS CARMONA PRODUCCIONES', '20-14319360-9', '2021-11-03 17:27:13', 1),
(301, 'SURGEON CAR S.R.L.', 'SURGEON CAR S.R.L.', '30-71534588-5', '2021-11-03 17:27:13', 1),
(302, 'FLUENCE ARGENTINA S.A.', 'FLUENCE', '30-66615048-8', '2021-11-03 17:27:13', 1),
(303, 'IBERCONSA DE ARGENTINA S.A.', 'IBERCONSA', '30-67057144-7', '2021-11-03 17:27:13', 1),
(304, 'RACO MARIANO OMAR', '#N/D', '20-25718564-2', '2021-11-03 17:27:13', 1),
(305, 'ALTA DISTRIBUCION S.A.', 'ALTA DISTRIBUCION S.A.', '30-71088730-2', '2021-11-03 17:27:13', 1),
(306, 'FESCAP S.A.', 'FESCAP S.A.', '30-70816758-0', '2021-11-03 17:27:13', 1),
(307, 'LA ITALO ARGENTINA S.C.A.', 'LA ITALO ARGENTINA S.C.A.', '30-51751018-8', '2021-11-03 17:27:13', 1),
(308, 'CROVO DAVID', '#N/D', '23-31140498-9', '2021-11-03 17:27:13', 1),
(309, 'OTEIZA EDUARDO MIGUEL (PARABRISAS LALO)', 'PARABRISAS LALO', '20-12729613-9', '2021-11-03 17:27:13', 1),
(310, 'EMPRESA DISTRIBUIDORA DE ENERG?A EL?CTRICA S.A.', 'EDEA', '30-68997751-7', '2021-11-03 17:27:13', 1),
(311, 'PESQUERA VERAZ S.A.', 'PESQUERA VERAZ S.A.', '30-62441919-3', '2021-11-03 17:27:13', 1),
(312, 'LACAR FISH S.A.', 'LACAR FISH S.A.', '30-69262340-8', '2021-11-03 17:27:13', 1),
(313, 'ARAMBURU PABLO DANIEL', 'ARAMBURU PABLO DANIEL', '20-25898729-3', '2021-11-03 17:27:13', 1),
(314, 'TANTERA SERGIO', 'METROMADERAS', '23-17797457-9', '2021-11-03 17:27:13', 1),
(315, 'RIPOLL, JESUS RICARDO', 'RIPOLL HNOS', '20-23773117-5', '2021-11-03 17:27:13', 1),
(316, 'LAR PLACAS Y MADERAS', '#N/D', '30-71403618-9', '2021-11-03 17:27:13', 1),
(318, 'CENTRAL BEBIDAS S.A.', 'CENTRAL BEBIDAS', '30-71052019-0', '2021-11-03 17:27:13', 1),
(319, 'RAKU S.A.', 'RAKU S.A.', '30-70946274-8', '2021-11-03 17:27:13', 1),
(320, 'COOP DE TRABAJO RUFER LTDA', 'COOP DE TRABAJO RUFER LTDA', '30-71183723-6', '2021-11-03 17:27:13', 1),
(321, 'PIANZOLA GABRIEL OMAR (LA ESPERANZA)', 'LA ESPERANZA', '20-23223495-5', '2021-11-03 17:27:13', 1),
(322, 'ALSINA 2478 S.A. (COSTA EDIFICIOS)', 'COSTA EDIFICIOS', '30-71473706-2', '2021-11-03 17:27:13', 1),
(323, 'MARMOLER?A MARCEILLAC S.R.L.', 'MARMOLERIA MARCEILLAC', '30-67680049-9', '2021-11-03 17:27:13', 1),
(324, 'PROMO FIESTA MDP S.R.L.', 'PROMO FIESTA', '30-70880555-2', '2021-11-03 17:27:13', 1),
(325, 'COOP. TELEFONICA CARLOS TEJEDOR', 'COOP. TELEFONICA CARLOS TEJEDOR', '30-57186858-6', '2021-11-03 17:27:13', 1),
(326, 'BARRAZA CLAUDIO GABRIEL', '#N/D', '20-14816482-5', '2021-11-03 17:27:13', 1),
(327, 'PESQUERA MAR CHIQUITA S.A.', '#N/D', '30-71523146-6', '2021-11-03 17:27:13', 1),
(328, 'TULLI HERMANOS S.A.', 'TULLI HERMANOS S.A.', '30-50274664-9', '2021-11-03 17:27:13', 1),
(329, 'LORENZINI MARCELO MARIO', 'PARABRISAS MYG', '20-17503611-4', '2021-11-03 17:27:13', 1),
(330, 'CAMPO Y FAENA S.A.', '#N/D', '30-71419121-7', '2021-11-03 17:27:13', 1),
(331, 'CHRISTIAN RAGNOLI', 'CHISTRIAN RAGNOLI', '20-24251173-6', '2021-11-03 17:27:13', 1),
(332, 'DURMIENTES DE HORMIGON ARGENTINA S.A. (DHASA)', 'DHASA', '30-71250300-5', '2021-11-03 17:27:13', 1),
(333, 'FABRICA FADON S.A.', 'FABRICA FADON ', '30-70959670-1', '2021-11-03 17:27:13', 1),
(334, 'INGENIERIA RONZA S.A.', '#N/D', '30-63987067-6', '2021-11-03 17:27:13', 1),
(335, 'CENTRO DE COMPRAS NUEVO GOLF S.A.', 'CENTRO DE COMPRAS NUEVO GOLF', '30-71506396-0', '2021-11-03 17:27:13', 1),
(336, 'MAR DEL PLATA TRANSERVICE S.R.L.', 'MAR DEL PLATA TRANSERVICE', '33-69002180-9', '2021-11-03 17:27:13', 1),
(337, 'DISTRIBUIDORA WALLY S.R.L.', 'DISTRIBUIDORA WALLY S.R.L.', '30-71453313-0', '2021-11-03 17:27:13', 1),
(338, 'FIORELLO LUCIANO GABRIEL (PIRKA STONE)', 'PIRKA STONE', '20-35837067-6', '2021-11-03 17:27:13', 1),
(339, 'VIALSA S.A.', 'VIALSA S.A.', '33-70874801-9', '2021-11-03 17:27:13', 1),
(340, 'AG?ERO INOCENCIA (GOMERIA LEMANS)', 'GOMERIA LEMANS', '23-25723928-4', '2021-11-03 17:27:13', 1),
(341, 'CONSCA S.A.', 'CONSCA', '30-63859423-0', '2021-11-03 17:27:13', 1),
(342, 'S.U.T.E.B.A.', 'HOTEL S.U.T.E.B.A.', '30-63010228-2', '2021-11-03 17:27:13', 1),
(343, 'GH CONSTRUCCIONES S.A.', 'GH CONSTRUCCIONES S.A.', '30-70863599-1', '2021-11-03 17:27:13', 1),
(344, 'DUGAS S.R.L.', 'DUGAS S.R.L.', '30-69001262-2', '2021-11-03 17:27:13', 1),
(345, 'T.J. MAXTRANS S.A. (TRANSPORTE SANTULLI)', '#N/D', '30-70915914-4', '2021-11-03 17:27:13', 1),
(346, 'INVERSIONES Y CONST CIVILES J.C. S.A.', 'GRUPO F ARQUITECTURA', '30-70972559-5', '2021-11-03 17:27:13', 1),
(347, 'AUTONET S.A.', 'AUTONET S.A.', '30-70300880-8', '2021-11-03 17:27:13', 1),
(348, 'CONSTRUCTORA VILLAGE DEL ATLANTICO S.R.L.', 'CONST. VILLAGE DEL ATLANTICO', '30-71497383-1', '2021-11-03 17:27:13', 1),
(349, 'GRAZIANI MARCELO AGUSTIN (TANO GRAZIANI)', 'TANO GRAZIANI', '20-17503355-7', '2021-11-03 17:27:13', 1),
(350, 'CLINICA PRIVADA PUEYRREDON', 'CLINICA PUEYRREDON', '30-54586859-4', '2021-11-03 17:27:13', 1),
(351, 'COOPERATIVA SAN MARCOS LTDA.', 'COOPERATIVA SAN MARCOS', '30-67956731-0', '2021-11-03 17:27:13', 1),
(352, 'ESTANCIA LOS ROBLES S.A.', 'ESTANCIA LOS ROBLES S.A.', '30-70859847-6', '2021-11-03 17:27:13', 1),
(353, 'ALEJANDRO J GARCIA Y CIA S.R.L.', 'ALEJANDRO J GARCIA Y CIA', '30-51607311-6', '2021-11-03 17:27:13', 1),
(354, 'PLUNIMAR S.A. (AQUARIUM)', 'AQUARIUM ', '30-62329112-6', '2021-11-03 17:27:13', 1),
(355, 'RED HOTELERA IBERO AMERICANA (COSTA GALANA BEACH)', 'COSTA GALANA BEACH', '30-62653897-1', '2021-11-03 17:27:13', 1),
(356, 'CONSTRUCCIONES ALGOL S.A.', 'CONSTRUCCIONES ALGOL S.A.', '30-71165735-1', '2021-11-03 17:27:13', 1),
(358, 'LUSEJO S.A.', 'LUSEJO S.A.', '30-71107253-1', '2021-11-03 17:27:13', 1),
(359, 'NARDULLI ANTONIO', 'NARDULLI ANTONIO', '23-04389913-9', '2021-11-03 17:27:13', 1),
(360, 'ATUNERAS ARGENTINAS S.A.', 'ATUNERAS ARGENTINAS', '30-71076324-7', '2021-11-03 17:27:13', 1),
(361, 'SUCESION DE MARCHAL JUAN H.', 'JUAN H MARCHAL', '20-05282548-3', '2021-11-03 17:27:13', 1),
(362, 'LUIS OSVALDO RUIZ', 'MDR La Tapa', '20-16248141-0', '2021-11-03 17:27:13', 1),
(363, 'CONSTITUCION 4871 S.R.L.', 'TROMARCO', '30-71581746-9', '2021-11-03 17:27:13', 1),
(364, 'DELYET S.A.', 'DELYET', '30-62987503-0', '2021-11-03 17:27:13', 1),
(365, 'CENTRALES DE LA COSTA ATL?NTICA S.A.', 'CENTRAL 9 DE JULIO', '30-70760809-5', '2021-11-03 17:27:13', 1),
(366, 'SINTECRIN S.R.L.', 'SINTECRIN S.R.L.', '30-71224548-0', '2021-11-03 17:27:13', 1),
(369, 'PM REFRIGERACION INDUSTRIAL S.A.', '#N/D', '', '2021-11-03 17:27:13', 1),
(375, 'LOS GALLEGOS MARTINEZ NAVARRO Y CIA S.A.', 'SHOPPING LOS GALLEGOS', '30-50337277-7', '2021-11-03 17:27:13', 1),
(376, 'DELPACK S.R.L.', 'DELPACK S.R.L.', '30-70856344-3', '2021-11-03 17:27:13', 1),
(378, 'SUCESION DE SALAS EDGARDO M. (MARDELGOLD)', 'MARDELGOLD', '20-12906375-1', '2021-11-03 17:27:13', 1),
(379, 'NERVY S.A.', 'NERVY S.A.', '30-71216435-9', '2021-11-03 17:27:13', 1),
(380, 'LIYA S.A.', 'BUQUE MIURA MARU', '30-68340999-1', '2021-11-03 17:27:13', 1),
(381, 'SANTORO LUCIANO JESUS (ESTUMUEBLE)', 'ESTUMUEBLE', '20-27099583-8', '2021-11-03 17:27:13', 1),
(382, 'ALBERTO TACCHINI', 'VIDRIERIA TACCHINI', '20-05322996-5', '2021-11-03 17:27:13', 1),
(383, 'PALOMEQUE HERNAN ARIEL', 'TALLER MONACO', '20-22285864-0', '2021-11-03 17:27:13', 1),
(384, 'FISHING GROUND MDQ SRL', 'FISHING GROUND MDQ S.R.L.', '33-71558233-9', '2021-11-03 17:27:13', 1),
(385, 'COMAR AUTOMOTORES S.A.', 'COMAR AUTOMOTORES S.A.', '30-67680490-7', '2021-11-03 17:27:13', 1),
(386, 'PLAYA BOCA DEL TORO S.A.', 'BOCAS DEL TORO', '33-71510750-9', '2021-11-03 17:27:13', 1),
(388, 'PLAYAS DEL VESUBIO SRL', 'PARADOR EL TAINO', '30-70903030-9', '2021-11-03 17:27:13', 1),
(389, 'EL VIENTO LOS AMONTONA SRL (MUTE CLUB DE MAR)', 'MUTE CLUB DE MAR', '30-70940200-1', '2021-11-03 17:27:13', 1),
(390, 'CENTRO HIPICO GENERAL PUEYRREDON (CLUB HIPICO)', 'CLUB HIPICO GRAL PUEYRREDON', '30-71221806-8', '2021-11-03 17:27:13', 1),
(391, 'CALICO S.A. (CALICO)', 'CALICO S.A.', '33-59668367-9', '2021-11-03 17:27:13', 1),
(393, 'ENSALADERA DE PLATA SA (LA CARPA)', 'LA CARPA', '30-71546683-6', '2021-11-03 17:27:13', 1),
(394, 'BURG S.A. (BURGWAGEN)', 'BURGWAGEN', '30-70988854-0', '2021-11-03 17:27:13', 1),
(395, 'SUNNY BEACH S.A. (SAMSARA BEACH)', 'SAMSARA BEACH', '30-71666637-5', '2021-11-03 17:27:13', 1),
(396, 'PLACAS Y MADERAS S.A. (ALI PLACAS Y HERRAJES)', 'ALI PLACAS Y HERRAJES', '30-70875762-0', '2021-11-03 17:27:13', 1),
(398, 'RESIDENCIAS COOPERATIVAS DE TURISMO', 'RCT CLUB VACACIONAL Y SPA', '30-57566090-4', '2021-11-03 17:27:13', 1),
(399, 'DEMOLICIONES MITRE S.R.L.', 'GRUPO MITRE', '30-65753655-1', '2021-11-03 17:27:13', 1),
(400, 'CAMBARERI, DANIEL RICARDO (ROMA)', 'ROMA CONTENEDORES', '20-30025075-1', '2021-11-03 17:27:13', 1),
(401, 'HIELO DEYACOBI S.A.', 'LA FABRICA DE HIELO', '30-71097394-2', '2021-11-03 17:27:13', 1),
(402, 'DANIL GURDAMAGNA Y LILIAN GUARDAMAGNA S.H.', 'DAL? TERMOPL?STICOS', '30-71440917-0', '2021-11-03 17:27:13', 1),
(403, 'HARAS SANTA MARIA DEL MAR S.A.', 'HARAS SANTA MARIA DEL MAR S.A.', '30-71215743-3', '2021-11-03 17:27:13', 1),
(404, 'MF S.A.', 'MF S.A.', '30-60413198-3', '2021-11-03 17:27:13', 1),
(405, 'ORELLANA GLADYS CRISTINA', 'ORELLANA GLADYS CRISTINA', '27-22452116-8', '2021-11-03 17:27:13', 1),
(410, 'ARCOR SAIC', 'LA CAMPAGNOLA', '30-50279317-5', '2021-11-03 17:27:13', 1),
(411, 'MARDELCONT S.A.', 'MARDELCONT', '30-71010564-9', '2021-11-03 17:27:13', 1);

-- --------------------------------------------------------

--
-- Estructura de tabla para la tabla `generadores_residuos`
--

CREATE TABLE `generadores_residuos` (
  `ID` bigint(20) UNSIGNED NOT NULL,
  `ID_GENERADOR` bigint(20) UNSIGNED NOT NULL,
  `ID_RESIDUO` bigint(20) UNSIGNED NOT NULL,
  `FCREACION` datetime DEFAULT current_timestamp(),
  `ACTIVO` tinyint(1) DEFAULT 1
) ENGINE=InnoDB DEFAULT CHARSET=utf8mb4;

--
-- Volcado de datos para la tabla `generadores_residuos`
--

INSERT INTO `generadores_residuos` (`ID`, `ID_GENERADOR`, `ID_RESIDUO`, `FCREACION`, `ACTIVO`) VALUES
(8, 1, 2, '2021-11-03 17:34:51', 1),
(9, 2, 3, '2021-11-03 17:34:51', 1);

-- --------------------------------------------------------

--
-- Estructura de tabla para la tabla `pesajes`
--

CREATE TABLE `pesajes` (
  `ID` bigint(20) UNSIGNED NOT NULL,
  `GENERADOR` varchar(255) NOT NULL,
  `RESIDUO` varchar(255) NOT NULL,
  `TRANSPORTISTA` varchar(255) NOT NULL,
  `CAMION` varchar(255) NOT NULL,
  `DESTINO` varchar(255) NOT NULL,
  `PESAJE` float NOT NULL,
  `COSTO` float NOT NULL,
  `ID_USUARIO` int(11) NOT NULL,
  `FCREACION` datetime DEFAULT current_timestamp(),
  `ACTIVO` tinyint(1) DEFAULT 1
) ENGINE=InnoDB DEFAULT CHARSET=utf8mb4;

--
-- Volcado de datos para la tabla `pesajes`
--

INSERT INTO `pesajes` (`ID`, `GENERADOR`, `RESIDUO`, `TRANSPORTISTA`, `CAMION`, `DESTINO`, `PESAJE`, `COSTO`, `ID_USUARIO`, `FCREACION`, `ACTIVO`) VALUES
(2, 'PEPSICO DE ARGENTINA S.A.', 'Biodegradables', 'MONDINO, NICOLAS SERGIO', 'AA414EU', 'CDFR\r\n', 4690, 65000, 1, '2021-11-03 02:33:14', 1),
(3, 'B. BRAUN MEDICAL S.A.', 'Biodegradables', 'MONDINO, NICOLAS SERGIO', 'AA414EU', 'CDFR\r\n', 5555, 497500, 1, '2021-11-03 15:53:37', 1);

-- --------------------------------------------------------

--
-- Estructura de tabla para la tabla `residuos`
--

CREATE TABLE `residuos` (
  `ID` bigint(20) UNSIGNED NOT NULL,
  `NOMBRE` varchar(255) NOT NULL,
  `COSTO_TONELADA` float NOT NULL,
  `FCREACION` datetime DEFAULT current_timestamp(),
  `ACTIVO` tinyint(1) DEFAULT 1
) ENGINE=InnoDB DEFAULT CHARSET=utf8mb4;

--
-- Volcado de datos para la tabla `residuos`
--

INSERT INTO `residuos` (`ID`, `NOMBRE`, `COSTO_TONELADA`, `FCREACION`, `ACTIVO`) VALUES
(1, 'Domiciliario', 1240, '2021-11-02 22:11:55', 1),
(2, 'Árido', 620, '2021-11-02 22:11:55', 1),
(3, 'Patogénico', 3600, '2021-11-02 22:11:55', 1),
(4, 'Externo', 500, '2021-11-02 22:11:55', 1);

-- --------------------------------------------------------

--
-- Estructura de tabla para la tabla `transportistas`
--

CREATE TABLE `transportistas` (
  `ID` bigint(20) UNSIGNED NOT NULL,
  `CODIGO` int(10) UNSIGNED NOT NULL,
  `NOMBRE` varchar(255) NOT NULL,
  `NOMBRE_FANTASIA` varchar(255) NOT NULL,
  `CUIT` varchar(13) NOT NULL,
  `FCREACION` datetime DEFAULT current_timestamp(),
  `ACTIVO` tinyint(1) DEFAULT 1
) ENGINE=InnoDB DEFAULT CHARSET=utf8mb4;

--
-- Volcado de datos para la tabla `transportistas`
--

INSERT INTO `transportistas` (`ID`, `CODIGO`, `NOMBRE`, `NOMBRE_FANTASIA`, `CUIT`, `FCREACION`, `ACTIVO`) VALUES
(2, 50017, 'MONDINO, NICOLAS SERGIO', 'NICO', '20-30228955-8', '2021-11-03 17:27:13', 1),
(3, 50022, 'GUZMAN, MARIO ADOLFO Y OTROS', 'CONTEMAR', '20-08702544-7', '2021-11-03 17:27:13', 1),
(4, 50031, 'ALARCON, RUBEN IGNACIO', 'CONTER - FRAWEN', '23-24251803-9', '2021-11-03 17:27:13', 1),
(5, 50008, 'DE SIMONE, RAFAEL ALBERTO', 'CONTE-RAF', '20-24468227-9', '2021-11-03 17:27:13', 1),
(6, 50020, 'CAMBARERI, SERGIO SERAFIN', 'CONTESOL', '20-23971544-4', '2021-11-03 17:27:13', 1),
(7, 50012, 'RESICONT S.A.', 'RESICONT', '30-71528156-9', '2021-11-03 17:27:13', 1),
(8, 50033, 'D?ONOFRIO, CARLOS ARTURO', 'D?ONOFRIO', '20-07637991-3', '2021-11-03 17:27:13', 1),
(9, 50041, 'VILLALBA, BRUNO RUBEN', 'VILLALBA/EL JARDIN', '20-37719484-6', '2021-11-03 17:27:13', 1),
(10, 50032, 'PALANDRI, NANCY LUJAN', 'EL VASCO', '27-27830805-2', '2021-11-03 17:27:13', 1),
(11, 50023, 'BERNABEU, SONIA', 'LA LUJANERA', '27-18704760-4', '2021-11-03 17:27:13', 1),
(12, 50021, 'MILANESE, GABRIEL', 'PORTE', '20-13326152-5', '2021-11-03 17:27:13', 1),
(13, 50003, 'TRANSPORTE RODEL S.R.L.', 'RODEL', '33-64873488-9', '2021-11-03 17:27:13', 1),
(14, 50036, 'PERSIC, RUBEN', 'RUBEN', '20-17223102-1', '2021-11-03 17:27:13', 1),
(15, 50006, 'CAMBARERI, DANIEL', 'ROMA', '20-30025075-1', '2021-11-03 17:27:13', 1),
(16, 50013, 'BADOZA, MARIO IGNACIO', 'LUPIN', '20-27418989-5', '2021-11-03 17:27:13', 1),
(17, 50030, 'HERNANDEZ, LUCAS MARCELO', 'HL', '20-29257912-9', '2021-11-03 17:27:13', 1),
(18, 50019, 'RADETICH, ESTEBAN', 'ANITA', '20-22341749-4', '2021-11-03 17:27:13', 1),
(19, 50016, 'SOSA, WALTER ARIEL', 'WAS', '20-21760057-0', '2021-11-03 17:27:13', 1),
(20, 50029, 'SALGADO HNOS S.R.L.', 'SALGADO', '30-63647613-3', '2021-11-03 17:27:13', 1),
(21, 50024, 'CIAGESER S.A.', 'CIAGESER', '30-70759266-0', '2021-11-03 17:27:13', 1),
(22, 50034, 'MONTES DE OCA, JORGE HORACIO', 'MDO', '20-31476885-0', '2021-11-03 17:27:13', 1),
(24, 50042, 'MARTIN, ENRIQUE LUIS', 'EL RUSO', '20-32791582-8', '2021-11-03 17:27:13', 1),
(25, 50015, 'ZALAZAR, CARLOS MARTIN', 'CLAU-MAR', '20-23970527-9', '2021-11-03 17:27:13', 1),
(26, 50010, 'ALMONACID, RICARDO ANDRES', 'MOROCCO', '20-27873243-7', '2021-11-03 17:27:13', 1),
(27, 50045, 'GOYCOECHEA, PATRICIO ALFREDO', 'PILU', '20-27508487-6', '2021-11-03 17:27:13', 1),
(28, 50035, 'BERTELLO E HIJOS SRL', 'BERTELLO E HIJOS', '30-71550782-6', '2021-11-03 17:27:13', 1),
(29, 50056, 'GALEANO, EMILIO ALFREDO', 'CONTEMAI', '20-23289829-2', '2021-11-03 17:27:13', 1),
(30, 50040, 'YAROSSI, GRACIELA HAYDEE', 'EL NEGRO', '27-13879440-2', '2021-11-03 17:27:13', 1),
(31, 50011, 'PEREZ, SILVIO ANDRES', 'TRANSPORTES PEREZ', '23-21760178-9', '2021-11-03 17:27:13', 1),
(32, 50025, 'TRANSPORTES MALVINAS S.R.L.', 'TRANSPORTES MALVINAS', '33-56045626-9', '2021-11-03 17:27:13', 1),
(33, 50027, 'VISONES SANTA CATALINA S.R.L.', 'SANTA CATALINA', '30-70838883-8', '2021-11-03 17:27:13', 1),
(34, 50026, 'MONACCHI, ANTONIO IGNACIO', 'MONACCHI PAISAJISTA', '20-17018447-6', '2021-11-03 17:27:13', 1),
(35, 50028, 'VILLA, TOMAS SANTIAGO ZENON', 'TRANSPORTE COSTA SUR', '20-26107237-9', '2021-11-03 17:27:13', 1),
(36, 50018, 'BETTIN, ROLANDO Y BETTIN, FERNANDO ARIEL S.H.', 'BETTIN EXCAVACIONES', '30-71049494-7', '2021-11-03 17:27:13', 1),
(37, 50014, 'GONZALEZ, CARLOS CHRISTIAN', 'TRANSPORTE CRIS Y CRIS', '23-22007071-9', '2021-11-03 17:27:13', 1),
(38, 50048, 'STACH, ERNESTO', 'TRANSPORTE STACH', '20-10262003-9', '2021-11-03 17:27:13', 1),
(42, 50043, 'VALL?S, RAUL RICARDO', 'TRANSPORTE VALLES', '20-23479746-9', '2021-11-03 17:27:13', 1),
(44, 50037, 'CASCO, ROBERTO CARLOS', 'FLETE JOVAL', '20-24539970-8', '2021-11-03 17:27:13', 1),
(50, 50038, 'DIEZ, CESAR GUSTAVO', 'JOVAL', '20-24539533-8', '2021-11-03 17:27:13', 1),
(51, 50039, 'AMBIENTALEX S.A.', 'AMBIENTALEX', '30-71071559-5', '2021-11-03 17:27:13', 1),
(53, 50044, 'LOFFAR LOGISTICS S.R.L.', 'LOFFAR LOGISTICA', '30-70789925-1', '2021-11-03 17:27:13', 1),
(55, 50047, 'ASOC. VEC. DE FOMENTO BARRIO CERRITO Y SAN SALV', 'SOCIEDAD DE FOMENTO CERRITO SUR', '30-55658759-7', '2021-11-03 17:27:13', 1),
(56, 50049, 'MF S.A.', 'TRANSPORTE MF', '30-60413198-3', '2021-11-03 17:27:13', 1),
(57, 50050, 'UPTON, LEONARDO ENRIQUE', 'LEON CONT', '20-26728719-9', '2021-11-03 17:27:13', 1),
(58, 50051, 'GOYCOECHEA, PATRICIO ALBERTO', 'PATRI', '20-12097130-2', '2021-11-03 17:27:13', 1),
(59, 50052, 'PIANZOLA, MARIA LORENA', 'YASMIN', '27-18877525-5', '2021-11-03 17:27:13', 1),
(60, 50059, 'BATTAGLIA CRISTIAN MARTIN', 'TRANSPORTE LOS PIRUCHOS', '20-26056858-3', '2021-11-03 17:27:13', 1),
(61, 50058, 'BORNAO SANDRA PATRICIA', 'TRANSPORTE EL TURCO', '27-17132364-4', '2021-11-03 17:27:13', 1),
(62, 50054, 'MORETTI, JOSE HIPOLITO', 'TRANSPORTE SAN JOSE', '23-14909422-9', '2021-11-03 17:27:13', 1),
(63, 50055, 'PASCAL, WALTER', 'TRANSPORTE PASCAL', '20-20752685-2', '2021-11-03 17:27:13', 1),
(64, 50062, 'GILARDI, WALTER ANTONIO', 'LOS SHILAS', '20-34344639-0', '2021-11-03 17:27:13', 1),
(65, 50063, 'GUERRERO MARIA DE LOS ?NGELES', 'GARDEL', '27-37236782-8', '2021-11-03 17:27:13', 1),
(66, 50064, 'MARDELCONT S.A.', 'MARDELCONT', '30-71010564-9', '2021-11-03 17:27:13', 1),
(67, 50065, 'CIASCA, GUSTAVO MARIO', 'MARIO', '20-17017840-9', '2021-11-03 17:27:13', 1),
(69, 50053, 'ORTALLI, SERGIO BERNARDO', 'TRANSPORTE ORTALLI', '20-22522733-1', '2021-11-03 17:27:13', 1),
(70, 50057, 'AMADO, LUIS ALBERTO', 'TRANSPORTE AMADO', '20-10528680-6', '2021-11-03 17:27:13', 1),
(71, 50061, 'RABAZZA, CARLOS ROBERTO', 'TRANSPORTE CARLOS', '20-17047386-9', '0000-00-00 00:00:00', 1);

--
-- Índices para tablas volcadas
--

--
-- Indices de la tabla `auth_group`
--
ALTER TABLE `auth_group`
  ADD PRIMARY KEY (`id`),
  ADD UNIQUE KEY `name` (`name`);

--
-- Indices de la tabla `auth_group_permissions`
--
ALTER TABLE `auth_group_permissions`
  ADD PRIMARY KEY (`id`),
  ADD UNIQUE KEY `auth_group_permissions_group_id_permission_id_0cd325b0_uniq` (`group_id`,`permission_id`),
  ADD KEY `auth_group_permissio_permission_id_84c5c92e_fk_auth_perm` (`permission_id`);

--
-- Indices de la tabla `auth_permission`
--
ALTER TABLE `auth_permission`
  ADD PRIMARY KEY (`id`),
  ADD UNIQUE KEY `auth_permission_content_type_id_codename_01ab375a_uniq` (`content_type_id`,`codename`);

--
-- Indices de la tabla `auth_user`
--
ALTER TABLE `auth_user`
  ADD PRIMARY KEY (`id`),
  ADD UNIQUE KEY `username` (`username`);

--
-- Indices de la tabla `auth_user_groups`
--
ALTER TABLE `auth_user_groups`
  ADD PRIMARY KEY (`id`),
  ADD UNIQUE KEY `auth_user_groups_user_id_group_id_94350c0c_uniq` (`user_id`,`group_id`),
  ADD KEY `auth_user_groups_group_id_97559544_fk_auth_group_id` (`group_id`);

--
-- Indices de la tabla `auth_user_user_permissions`
--
ALTER TABLE `auth_user_user_permissions`
  ADD PRIMARY KEY (`id`),
  ADD UNIQUE KEY `auth_user_user_permissions_user_id_permission_id_14a6b632_uniq` (`user_id`,`permission_id`),
  ADD KEY `auth_user_user_permi_permission_id_1fbb5f2c_fk_auth_perm` (`permission_id`);

--
-- Indices de la tabla `camiones`
--
ALTER TABLE `camiones`
  ADD PRIMARY KEY (`ID`),
  ADD UNIQUE KEY `UNQ_CAMIONES_PATENTE` (`PATENTE`),
  ADD KEY `FK_CAMIONES_TRANSPORTISTAS` (`CODIGO_TRANSPORTISTA`);

--
-- Indices de la tabla `destinos`
--
ALTER TABLE `destinos`
  ADD PRIMARY KEY (`ID`),
  ADD UNIQUE KEY `UNQ_DESTINOS_NOMBRE` (`NOMBRE`);

--
-- Indices de la tabla `django_admin_log`
--
ALTER TABLE `django_admin_log`
  ADD PRIMARY KEY (`id`),
  ADD KEY `django_admin_log_content_type_id_c4bce8eb_fk_django_co` (`content_type_id`),
  ADD KEY `django_admin_log_user_id_c564eba6_fk_auth_user_id` (`user_id`);

--
-- Indices de la tabla `django_content_type`
--
ALTER TABLE `django_content_type`
  ADD PRIMARY KEY (`id`),
  ADD UNIQUE KEY `django_content_type_app_label_model_76bd3d3b_uniq` (`app_label`,`model`);

--
-- Indices de la tabla `django_migrations`
--
ALTER TABLE `django_migrations`
  ADD PRIMARY KEY (`id`);

--
-- Indices de la tabla `django_session`
--
ALTER TABLE `django_session`
  ADD PRIMARY KEY (`session_key`),
  ADD KEY `django_session_expire_date_a5c62663` (`expire_date`);

--
-- Indices de la tabla `generadores`
--
ALTER TABLE `generadores`
  ADD PRIMARY KEY (`ID`),
  ADD UNIQUE KEY `UNQ_GENERADORES_CUIT` (`CUIT`);

--
-- Indices de la tabla `generadores_residuos`
--
ALTER TABLE `generadores_residuos`
  ADD PRIMARY KEY (`ID`),
  ADD KEY `FK_GENRES_ID_GENERADOR` (`ID_GENERADOR`),
  ADD KEY `FK_GENRES_ID_RESIDUO` (`ID_RESIDUO`);

--
-- Indices de la tabla `pesajes`
--
ALTER TABLE `pesajes`
  ADD PRIMARY KEY (`ID`),
  ADD KEY `FK_PESAJES_ID_USUARIO` (`ID_USUARIO`);

--
-- Indices de la tabla `residuos`
--
ALTER TABLE `residuos`
  ADD PRIMARY KEY (`ID`),
  ADD UNIQUE KEY `UNQ_RESIDUOS_NOMBRE` (`NOMBRE`);

--
-- Indices de la tabla `transportistas`
--
ALTER TABLE `transportistas`
  ADD PRIMARY KEY (`ID`,`CODIGO`),
  ADD UNIQUE KEY `UNQ_TRANSPORTISTAS_CODIGO` (`CODIGO`),
  ADD UNIQUE KEY `UNQ_TRANSPORTISTAS_CUIT` (`CUIT`);

--
-- AUTO_INCREMENT de las tablas volcadas
--

--
-- AUTO_INCREMENT de la tabla `auth_group`
--
ALTER TABLE `auth_group`
  MODIFY `id` int(11) NOT NULL AUTO_INCREMENT;

--
-- AUTO_INCREMENT de la tabla `auth_group_permissions`
--
ALTER TABLE `auth_group_permissions`
  MODIFY `id` int(11) NOT NULL AUTO_INCREMENT;

--
-- AUTO_INCREMENT de la tabla `auth_permission`
--
ALTER TABLE `auth_permission`
  MODIFY `id` int(11) NOT NULL AUTO_INCREMENT, AUTO_INCREMENT=25;

--
-- AUTO_INCREMENT de la tabla `auth_user`
--
ALTER TABLE `auth_user`
  MODIFY `id` int(11) NOT NULL AUTO_INCREMENT, AUTO_INCREMENT=2;

--
-- AUTO_INCREMENT de la tabla `auth_user_groups`
--
ALTER TABLE `auth_user_groups`
  MODIFY `id` int(11) NOT NULL AUTO_INCREMENT;

--
-- AUTO_INCREMENT de la tabla `auth_user_user_permissions`
--
ALTER TABLE `auth_user_user_permissions`
  MODIFY `id` int(11) NOT NULL AUTO_INCREMENT;

--
-- AUTO_INCREMENT de la tabla `camiones`
--
ALTER TABLE `camiones`
  MODIFY `ID` bigint(20) UNSIGNED NOT NULL AUTO_INCREMENT, AUTO_INCREMENT=314;

--
-- AUTO_INCREMENT de la tabla `destinos`
--
ALTER TABLE `destinos`
  MODIFY `ID` bigint(20) UNSIGNED NOT NULL AUTO_INCREMENT, AUTO_INCREMENT=4;

--
-- AUTO_INCREMENT de la tabla `django_admin_log`
--
ALTER TABLE `django_admin_log`
  MODIFY `id` int(11) NOT NULL AUTO_INCREMENT;

--
-- AUTO_INCREMENT de la tabla `django_content_type`
--
ALTER TABLE `django_content_type`
  MODIFY `id` int(11) NOT NULL AUTO_INCREMENT, AUTO_INCREMENT=7;

--
-- AUTO_INCREMENT de la tabla `django_migrations`
--
ALTER TABLE `django_migrations`
  MODIFY `id` int(11) NOT NULL AUTO_INCREMENT, AUTO_INCREMENT=18;

--
-- AUTO_INCREMENT de la tabla `generadores`
--
ALTER TABLE `generadores`
  MODIFY `ID` bigint(20) UNSIGNED NOT NULL AUTO_INCREMENT, AUTO_INCREMENT=412;

--
-- AUTO_INCREMENT de la tabla `generadores_residuos`
--
ALTER TABLE `generadores_residuos`
  MODIFY `ID` bigint(20) UNSIGNED NOT NULL AUTO_INCREMENT, AUTO_INCREMENT=10;

--
-- AUTO_INCREMENT de la tabla `pesajes`
--
ALTER TABLE `pesajes`
  MODIFY `ID` bigint(20) UNSIGNED NOT NULL AUTO_INCREMENT, AUTO_INCREMENT=4;

--
-- AUTO_INCREMENT de la tabla `residuos`
--
ALTER TABLE `residuos`
  MODIFY `ID` bigint(20) UNSIGNED NOT NULL AUTO_INCREMENT, AUTO_INCREMENT=5;

--
-- AUTO_INCREMENT de la tabla `transportistas`
--
ALTER TABLE `transportistas`
  MODIFY `ID` bigint(20) UNSIGNED NOT NULL AUTO_INCREMENT, AUTO_INCREMENT=73;

--
-- Restricciones para tablas volcadas
--

--
-- Filtros para la tabla `auth_group_permissions`
--
ALTER TABLE `auth_group_permissions`
  ADD CONSTRAINT `auth_group_permissio_permission_id_84c5c92e_fk_auth_perm` FOREIGN KEY (`permission_id`) REFERENCES `auth_permission` (`id`),
  ADD CONSTRAINT `auth_group_permissions_group_id_b120cbf9_fk_auth_group_id` FOREIGN KEY (`group_id`) REFERENCES `auth_group` (`id`);

--
-- Filtros para la tabla `auth_permission`
--
ALTER TABLE `auth_permission`
  ADD CONSTRAINT `auth_permission_content_type_id_2f476e4b_fk_django_co` FOREIGN KEY (`content_type_id`) REFERENCES `django_content_type` (`id`);

--
-- Filtros para la tabla `auth_user_groups`
--
ALTER TABLE `auth_user_groups`
  ADD CONSTRAINT `auth_user_groups_group_id_97559544_fk_auth_group_id` FOREIGN KEY (`group_id`) REFERENCES `auth_group` (`id`),
  ADD CONSTRAINT `auth_user_groups_user_id_6a12ed8b_fk_auth_user_id` FOREIGN KEY (`user_id`) REFERENCES `auth_user` (`id`);

--
-- Filtros para la tabla `auth_user_user_permissions`
--
ALTER TABLE `auth_user_user_permissions`
  ADD CONSTRAINT `auth_user_user_permi_permission_id_1fbb5f2c_fk_auth_perm` FOREIGN KEY (`permission_id`) REFERENCES `auth_permission` (`id`),
  ADD CONSTRAINT `auth_user_user_permissions_user_id_a95ead1b_fk_auth_user_id` FOREIGN KEY (`user_id`) REFERENCES `auth_user` (`id`);

--
-- Filtros para la tabla `camiones`
--
ALTER TABLE `camiones`
  ADD CONSTRAINT `FK_CAMIONES_TRANSPORTISTAS` FOREIGN KEY (`CODIGO_TRANSPORTISTA`) REFERENCES `transportistas` (`CODIGO`);

--
-- Filtros para la tabla `django_admin_log`
--
ALTER TABLE `django_admin_log`
  ADD CONSTRAINT `django_admin_log_content_type_id_c4bce8eb_fk_django_co` FOREIGN KEY (`content_type_id`) REFERENCES `django_content_type` (`id`),
  ADD CONSTRAINT `django_admin_log_user_id_c564eba6_fk_auth_user_id` FOREIGN KEY (`user_id`) REFERENCES `auth_user` (`id`);

--
-- Filtros para la tabla `generadores_residuos`
--
ALTER TABLE `generadores_residuos`
  ADD CONSTRAINT `FK_GENRES_ID_GENERADOR` FOREIGN KEY (`ID_GENERADOR`) REFERENCES `generadores` (`ID`),
  ADD CONSTRAINT `FK_GENRES_ID_RESIDUO` FOREIGN KEY (`ID_RESIDUO`) REFERENCES `residuos` (`ID`);

--
-- Filtros para la tabla `pesajes`
--
ALTER TABLE `pesajes`
  ADD CONSTRAINT `FK_PESAJES_ID_USUARIO` FOREIGN KEY (`ID_USUARIO`) REFERENCES `auth_user` (`id`);
COMMIT;

/*!40101 SET CHARACTER_SET_CLIENT=@OLD_CHARACTER_SET_CLIENT */;
/*!40101 SET CHARACTER_SET_RESULTS=@OLD_CHARACTER_SET_RESULTS */;
/*!40101 SET COLLATION_CONNECTION=@OLD_COLLATION_CONNECTION */;
