-- phpMyAdmin SQL Dump
-- version 5.1.0
-- https://www.phpmyadmin.net/
--
-- Servidor: 127.0.0.1
-- Tiempo de generación: 31-10-2021 a las 02:01:50
-- Versión del servidor: 10.4.19-MariaDB
-- Versión de PHP: 8.0.6

SET SQL_MODE = "NO_AUTO_VALUE_ON_ZERO";
START TRANSACTION;
SET time_zone = "+00:00";


/*!40101 SET @OLD_CHARACTER_SET_CLIENT=@@CHARACTER_SET_CLIENT */;
/*!40101 SET @OLD_CHARACTER_SET_RESULTS=@@CHARACTER_SET_RESULTS */;
/*!40101 SET @OLD_COLLATION_CONNECTION=@@COLLATION_CONNECTION */;
/*!40101 SET NAMES utf8mb4 */;

--
-- Base de datos: `bascula`
--

-- --------------------------------------------------------

--
-- Estructura de tabla para la tabla `auth_group`
--

CREATE TABLE `auth_group` (
  `id` int(11) NOT NULL,
  `name` varchar(150) NOT NULL
) ENGINE=InnoDB DEFAULT CHARSET=utf8mb4;

-- --------------------------------------------------------

--
-- Estructura de tabla para la tabla `auth_group_permissions`
--

CREATE TABLE `auth_group_permissions` (
  `id` int(11) NOT NULL,
  `group_id` int(11) NOT NULL,
  `permission_id` int(11) NOT NULL
) ENGINE=InnoDB DEFAULT CHARSET=utf8mb4;

-- --------------------------------------------------------

--
-- Estructura de tabla para la tabla `auth_permission`
--

CREATE TABLE `auth_permission` (
  `id` int(11) NOT NULL,
  `name` varchar(255) NOT NULL,
  `content_type_id` int(11) NOT NULL,
  `codename` varchar(100) NOT NULL
) ENGINE=InnoDB DEFAULT CHARSET=utf8mb4;

--
-- Volcado de datos para la tabla `auth_permission`
--

INSERT INTO `auth_permission` (`id`, `name`, `content_type_id`, `codename`) VALUES
(1, 'Can add log entry', 1, 'add_logentry'),
(2, 'Can change log entry', 1, 'change_logentry'),
(3, 'Can delete log entry', 1, 'delete_logentry'),
(4, 'Can view log entry', 1, 'view_logentry'),
(5, 'Can add permission', 2, 'add_permission'),
(6, 'Can change permission', 2, 'change_permission'),
(7, 'Can delete permission', 2, 'delete_permission'),
(8, 'Can view permission', 2, 'view_permission'),
(9, 'Can add group', 3, 'add_group'),
(10, 'Can change group', 3, 'change_group'),
(11, 'Can delete group', 3, 'delete_group'),
(12, 'Can view group', 3, 'view_group'),
(13, 'Can add user', 4, 'add_user'),
(14, 'Can change user', 4, 'change_user'),
(15, 'Can delete user', 4, 'delete_user'),
(16, 'Can view user', 4, 'view_user'),
(17, 'Can add content type', 5, 'add_contenttype'),
(18, 'Can change content type', 5, 'change_contenttype'),
(19, 'Can delete content type', 5, 'delete_contenttype'),
(20, 'Can view content type', 5, 'view_contenttype'),
(21, 'Can add session', 6, 'add_session'),
(22, 'Can change session', 6, 'change_session'),
(23, 'Can delete session', 6, 'delete_session'),
(24, 'Can view session', 6, 'view_session');

-- --------------------------------------------------------

--
-- Estructura de tabla para la tabla `auth_user`
--

CREATE TABLE `auth_user` (
  `id` int(11) NOT NULL,
  `password` varchar(128) NOT NULL,
  `last_login` datetime(6) DEFAULT NULL,
  `is_superuser` tinyint(1) NOT NULL,
  `username` varchar(150) NOT NULL,
  `first_name` varchar(30) NOT NULL,
  `last_name` varchar(150) NOT NULL,
  `email` varchar(254) NOT NULL,
  `is_staff` tinyint(1) NOT NULL,
  `is_active` tinyint(1) NOT NULL,
  `date_joined` datetime(6) NOT NULL
) ENGINE=InnoDB DEFAULT CHARSET=utf8mb4;

-- --------------------------------------------------------

--
-- Estructura de tabla para la tabla `auth_user_groups`
--

CREATE TABLE `auth_user_groups` (
  `id` int(11) NOT NULL,
  `user_id` int(11) NOT NULL,
  `group_id` int(11) NOT NULL
) ENGINE=InnoDB DEFAULT CHARSET=utf8mb4;

-- --------------------------------------------------------

--
-- Estructura de tabla para la tabla `auth_user_user_permissions`
--

CREATE TABLE `auth_user_user_permissions` (
  `id` int(11) NOT NULL,
  `user_id` int(11) NOT NULL,
  `permission_id` int(11) NOT NULL
) ENGINE=InnoDB DEFAULT CHARSET=utf8mb4;

-- --------------------------------------------------------

--
-- Estructura de tabla para la tabla `camiones`
--

CREATE TABLE `camiones` (
  `id` int(100) NOT NULL,
  `patente` varchar(100) NOT NULL,
  `id_transportista` int(100) NOT NULL,
  `tara` double NOT NULL,
  `f_creacion` datetime NOT NULL DEFAULT current_timestamp(),
  `activo` int(2) DEFAULT 0
) ENGINE=InnoDB DEFAULT CHARSET=utf8mb4;

--
-- Volcado de datos para la tabla `camiones`
--

INSERT INTO `camiones` (`id`, `patente`, `id_transportista`, `tara`, `f_creacion`, `activo`) VALUES
(1, '49', 50001, 0, '2021-10-30 20:35:00', 0),
(2, '55', 50001, 0, '2021-10-30 20:35:00', 0),
(3, '129', 50001, 0, '2021-10-30 20:35:00', 0),
(4, '130', 50001, 0, '2021-10-30 20:35:00', 0),
(5, '131', 50001, 0, '2021-10-30 20:35:00', 0),
(6, '140', 50001, 0, '2021-10-30 20:35:00', 0),
(7, '175', 50001, 0, '2021-10-30 20:35:00', 0),
(8, '207', 50001, 0, '2021-10-30 20:35:00', 0),
(9, '245', 50001, 0, '2021-10-30 20:35:00', 0),
(10, '246', 50001, 0, '2021-10-30 20:35:00', 0),
(11, '247', 50001, 0, '2021-10-30 20:35:00', 0),
(12, '248', 50001, 0, '2021-10-30 20:35:00', 0),
(13, '249', 50001, 0, '2021-10-30 20:35:00', 0),
(14, '259', 50001, 0, '2021-10-30 20:35:00', 0),
(15, '260', 50001, 0, '2021-10-30 20:35:00', 0),
(16, '262', 50001, 0, '2021-10-30 20:35:00', 0),
(17, '265', 50001, 0, '2021-10-30 20:35:00', 0),
(18, '266', 50001, 0, '2021-10-30 20:35:00', 0),
(19, '272', 50001, 0, '2021-10-30 20:35:00', 0),
(20, '273', 50001, 9300, '2021-10-30 20:35:00', 0),
(21, '274', 50001, 0, '2021-10-30 20:35:00', 0),
(22, '278', 50001, 0, '2021-10-30 20:35:00', 0),
(23, '280', 50001, 0, '2021-10-30 20:35:00', 0),
(24, '281', 50001, 0, '2021-10-30 20:35:00', 0),
(25, '282', 50001, 0, '2021-10-30 20:35:00', 0),
(26, '283', 50001, 0, '2021-10-30 20:35:00', 0),
(27, '284', 50001, 0, '2021-10-30 20:35:00', 0),
(28, '299', 50001, 0, '2021-10-30 20:35:00', 0),
(29, '300', 50001, 0, '2021-10-30 20:35:00', 0),
(30, '304', 50001, 0, '2021-10-30 20:35:00', 0),
(31, '305', 50001, 0, '2021-10-30 20:35:00', 0),
(32, '307', 50001, 0, '2021-10-30 20:35:00', 0),
(33, '308', 50001, 0, '2021-10-30 20:35:00', 0),
(34, '316', 50001, 0, '2021-10-30 20:35:00', 0),
(35, '322', 50001, 0, '2021-10-30 20:35:00', 0),
(36, '324', 50001, 0, '2021-10-30 20:35:00', 0),
(37, '325', 50001, 0, '2021-10-30 20:35:00', 0),
(38, '327', 50001, 0, '2021-10-30 20:35:00', 0),
(39, '328', 50001, 0, '2021-10-30 20:35:00', 0),
(40, '404', 50001, 0, '2021-10-30 20:35:00', 0),
(41, '406', 50001, 0, '2021-10-30 20:35:00', 0),
(42, '698', 50001, 0, '2021-10-30 20:35:00', 0),
(43, '740', 50001, 0, '2021-10-30 20:35:00', 0),
(44, '742', 50001, 0, '2021-10-30 20:35:00', 0),
(45, '744', 50001, 0, '2021-10-30 20:35:00', 0),
(46, '746', 50001, 0, '2021-10-30 20:35:00', 0),
(47, '750', 50001, 0, '2021-10-30 20:35:00', 0),
(48, '751', 50001, 0, '2021-10-30 20:35:00', 0),
(49, '752', 50001, 0, '2021-10-30 20:35:00', 0),
(50, '754', 50001, 0, '2021-10-30 20:35:00', 0),
(51, '796', 50001, 0, '2021-10-30 20:35:00', 0),
(52, '800', 50001, 0, '2021-10-30 20:35:00', 0),
(53, '803', 50001, 0, '2021-10-30 20:35:00', 0),
(54, '810', 50001, 0, '2021-10-30 20:35:00', 0),
(55, '869', 50001, 0, '2021-10-30 20:35:00', 0),
(56, '870', 50001, 0, '2021-10-30 20:35:00', 0),
(57, '881', 50001, 0, '2021-10-30 20:35:00', 0),
(58, '885', 50001, 0, '2021-10-30 20:35:00', 0),
(59, '890', 50001, 0, '2021-10-30 20:35:00', 0),
(60, '891', 50001, 0, '2021-10-30 20:35:00', 0),
(61, '896', 50001, 0, '2021-10-30 20:35:00', 0),
(62, '979', 50001, 0, '2021-10-30 20:35:00', 0),
(63, '980', 50001, 0, '2021-10-30 20:35:00', 0),
(64, '981', 50001, 0, '2021-10-30 20:35:00', 0),
(65, '984', 50001, 0, '2021-10-30 20:35:00', 0),
(66, '985', 50001, 0, '2021-10-30 20:35:00', 0),
(67, '986', 50001, 0, '2021-10-30 20:35:00', 0),
(68, '988', 50001, 0, '2021-10-30 20:35:00', 0),
(69, 'AA414ET', 50024, 10760, '2021-10-30 20:35:00', 0),
(70, 'AA414EU', 50024, 0, '2021-10-30 20:35:00', 0),
(71, 'AA436BO', 50024, 10720, '2021-10-30 20:35:00', 0),
(72, 'AA436BP', 50024, 11240, '2021-10-30 20:35:00', 0),
(73, 'AA437BX', 50024, 10620, '2021-10-30 20:35:00', 0),
(74, 'AA630RI', 50025, 0, '2021-10-30 20:35:00', 0),
(75, 'AA630RJ', 50025, 0, '2021-10-30 20:35:00', 0),
(76, 'AA845ZK', 10079, 12480, '2021-10-30 20:35:00', 0),
(77, 'AA946LB', 10246, 0, '2021-10-30 20:35:00', 0),
(78, 'AA993SS', 50024, 0, '2021-10-30 20:35:00', 0),
(79, 'AAK964', 0, 8220, '2021-10-30 20:35:00', 0),
(80, 'AC113YI', 10153, 12200, '2021-10-30 20:35:00', 0),
(81, 'AC113YL', 10153, 11660, '2021-10-30 20:35:00', 0),
(82, 'AC177LI', 50012, 11060, '2021-10-30 20:35:00', 0),
(83, 'AC230IZ', 10153, 10220, '2021-10-30 20:35:00', 0),
(84, 'AC247VV', 50024, 0, '2021-10-30 20:35:00', 0),
(85, 'AC259RH', 10153, 10280, '2021-10-30 20:35:00', 0),
(86, 'AC274TL', 10028, 2220, '2021-10-30 20:35:00', 0),
(87, 'AC283ST', 50024, 0, '2021-10-30 20:35:00', 0),
(88, 'AC336DB', 10079, 0, '2021-10-30 20:35:00', 0),
(89, 'AC392ZC', 10284, 0, '2021-10-30 20:35:00', 0),
(90, 'AC735XW', 10284, 0, '2021-10-30 20:35:00', 0),
(91, 'AC744UX', 50025, 0, '2021-10-30 20:35:00', 0),
(92, 'AC849DP', 10284, 0, '2021-10-30 20:35:00', 0),
(93, 'ACC149', 0, 4290, '2021-10-30 20:35:00', 0),
(94, 'AD168KB', 50039, 12640, '2021-10-30 20:35:00', 0),
(95, 'AD771VM', 50049, 0, '2021-10-30 20:35:00', 0),
(96, 'AD987RN', 10206, 3740, '2021-10-30 20:35:00', 0),
(97, 'AE437ZX', 0, 0, '2021-10-30 20:35:00', 0),
(98, 'AGX660', 50034, 8600, '2021-10-30 20:35:00', 0),
(99, 'AMN002', 0, 9120, '2021-10-30 20:35:00', 0),
(100, 'AMS732', 50012, 8460, '2021-10-30 20:35:00', 0),
(101, 'ARW539', 0, 7860, '2021-10-30 20:35:00', 0),
(102, 'AST142', 0, 0, '2021-10-30 20:35:00', 0),
(103, 'ATN004', 0, 0, '2021-10-30 20:35:00', 0),
(104, 'AVL559', 0, 8260, '2021-10-30 20:35:00', 0),
(105, 'AXK942', 50032, 8580, '2021-10-30 20:35:00', 0),
(106, 'AXU666', 0, 0, '2021-10-30 20:35:00', 0),
(107, 'BGP149', 50032, 9640, '2021-10-30 20:35:00', 0),
(108, 'BHO861', 0, 8100, '2021-10-30 20:35:00', 0),
(109, 'BJA893', 50035, 8260, '2021-10-30 20:35:00', 0),
(110, 'BKD22', 0, 3780, '2021-10-30 20:35:00', 0),
(111, 'BOX115', 10057, 8580, '2021-10-30 20:35:00', 0),
(112, 'BQV522', 0, 0, '2021-10-30 20:35:00', 0),
(113, 'BRX369', 0, 11060, '2021-10-30 20:35:00', 0),
(114, 'BSR870', 0, 0, '2021-10-30 20:35:00', 0),
(115, 'BST670', 0, 14440, '2021-10-30 20:35:00', 0),
(116, 'BYQ028', 0, 10900, '2021-10-30 20:35:00', 0),
(117, 'CBJ352', 10057, 6060, '2021-10-30 20:35:00', 0),
(118, 'CDE-123', 0, 10000, '2021-10-30 20:35:00', 0),
(119, 'CDN972', 50044, 11260, '2021-10-30 20:35:00', 0),
(120, 'CDP723', 0, 0, '2021-10-30 20:35:00', 0),
(121, 'CDP724', 0, 0, '2021-10-30 20:35:00', 0),
(122, 'CDZ321', 50064, 0, '2021-10-30 20:35:00', 0),
(123, 'CEQ853', 50029, 9000, '2021-10-30 20:35:00', 0),
(124, 'CEX140', 0, 0, '2021-10-30 20:35:00', 0),
(125, 'CFP338', 50034, 8300, '2021-10-30 20:35:00', 0),
(126, 'CKH750', 0, 8680, '2021-10-30 20:35:00', 0),
(127, 'CKZ933', 0, 2200, '2021-10-30 20:35:00', 0),
(128, 'CMC950', 50024, 0, '2021-10-30 20:35:00', 0),
(129, 'CQT257', 10286, 2280, '2021-10-30 20:35:00', 0),
(130, 'CTT874', 0, 8520, '2021-10-30 20:35:00', 0),
(131, 'CVD319', 0, 11300, '2021-10-30 20:35:00', 0),
(132, 'CVI201', 50025, 0, '2021-10-30 20:35:00', 0),
(133, 'CYT103', 0, 9140, '2021-10-30 20:35:00', 0),
(134, 'CZX201', 0, 8840, '2021-10-30 20:35:00', 0),
(135, 'DAG016', 10322, 2260, '2021-10-30 20:35:00', 0),
(136, 'DDF627', 0, 0, '2021-10-30 20:35:00', 0),
(137, 'DDI112', 50012, 11200, '2021-10-30 20:35:00', 0),
(138, 'DES686', 0, 0, '2021-10-30 20:35:00', 0),
(139, 'DHK767', 0, 0, '2021-10-30 20:35:00', 0),
(140, 'DHK768', 0, 0, '2021-10-30 20:35:00', 0),
(141, 'DIF587', 0, 0, '2021-10-30 20:35:00', 0),
(142, 'DJD419', 0, 0, '2021-10-30 20:35:00', 0),
(143, 'DLZ542', 50027, 11420, '2021-10-30 20:35:00', 0),
(144, 'DME917', 10059, 7000, '2021-10-30 20:35:00', 0),
(145, 'DOD239', 0, 2620, '2021-10-30 20:35:00', 0),
(146, 'DPW674', 0, 9120, '2021-10-30 20:35:00', 0),
(147, 'DSQ733', 0, 9020, '2021-10-30 20:35:00', 0),
(148, 'DSV339', 0, 11480, '2021-10-30 20:35:00', 0),
(149, 'EBT398', 50030, 10880, '2021-10-30 20:35:00', 0),
(150, 'EDE554', 50024, 0, '2021-10-30 20:35:00', 0),
(151, 'EEJ742', 0, 6800, '2021-10-30 20:35:00', 0),
(152, 'EHP886', 0, 13720, '2021-10-30 20:35:00', 0),
(153, 'EJH168', 50059, 11680, '2021-10-30 20:35:00', 0),
(154, 'EKZ673', 0, 9300, '2021-10-30 20:35:00', 0),
(155, 'EOO416', 0, 11680, '2021-10-30 20:35:00', 0),
(156, 'EPA011', 50041, 8480, '2021-10-30 20:35:00', 0),
(157, 'EVB873', 50024, 0, '2021-10-30 20:35:00', 0),
(158, 'EWY259', 10082, 0, '2021-10-30 20:35:00', 0),
(159, 'EZP318', 0, 13660, '2021-10-30 20:35:00', 0),
(160, 'FCB046', 0, 0, '2021-10-30 20:35:00', 0),
(161, 'FCD392', 0, 11740, '2021-10-30 20:35:00', 0),
(162, 'FDG880', 0, 9000, '2021-10-30 20:35:00', 0),
(163, 'FDL814', 10284, 0, '2021-10-30 20:35:00', 0),
(164, 'FJS226', 50059, 11120, '2021-10-30 20:35:00', 0),
(165, 'FKE718', 0, 0, '2021-10-30 20:35:00', 0),
(166, 'FKT787', 10153, 12040, '2021-10-30 20:35:00', 0),
(167, 'FNU297', 0, 8000, '2021-10-30 20:35:00', 0),
(168, 'FST394', 50059, 11600, '2021-10-30 20:35:00', 0),
(169, 'FZM230', 0, 0, '2021-10-30 20:35:00', 0),
(170, 'GBC402', 0, 0, '2021-10-30 20:35:00', 0),
(171, 'GEP396', 0, 9640, '2021-10-30 20:35:00', 0),
(172, 'GKG001', 0, 8400, '2021-10-30 20:35:00', 0),
(173, 'GNS103', 50012, 8760, '2021-10-30 20:35:00', 0),
(174, 'GPE883', 10164, 0, '2021-10-30 20:35:00', 0),
(175, 'GPI448', 0, 11240, '2021-10-30 20:35:00', 0),
(176, 'GSL091', 0, 0, '2021-10-30 20:35:00', 0),
(177, 'GVM988', 10025, 3040, '2021-10-30 20:35:00', 0),
(178, 'HDB573', 50035, 7600, '2021-10-30 20:35:00', 0),
(179, 'HEF-222', 0, 20000, '2021-10-30 20:35:00', 0),
(180, 'HHX359', 10024, 0, '2021-10-30 20:35:00', 0),
(181, 'HKQ095', 10245, 1280, '2021-10-30 20:35:00', 0),
(182, 'HNI686', 0, 13640, '2021-10-30 20:35:00', 0),
(183, 'HNO338', 50059, 13800, '2021-10-30 20:35:00', 0),
(184, 'HUU567', 10153, 10600, '2021-10-30 20:35:00', 0),
(185, 'HVZ403', 50064, 0, '2021-10-30 20:35:00', 0),
(186, 'HZM143', 10320, 3960, '2021-10-30 20:35:00', 0),
(187, 'IBO757', 0, 7880, '2021-10-30 20:35:00', 0),
(188, 'IKZ487', 50024, 10740, '2021-10-30 20:35:00', 0),
(189, 'IOK302', 10082, 0, '2021-10-30 20:35:00', 0),
(190, 'IPQ026', 10153, 13620, '2021-10-30 20:35:00', 0),
(191, 'IPQ035', 10153, 13200, '2021-10-30 20:35:00', 0),
(192, 'IPU780', 50059, 15200, '2021-10-30 20:35:00', 0),
(193, 'IRG319', 10082, 2760, '2021-10-30 20:35:00', 0),
(194, 'ITI212', 50024, 10900, '2021-10-30 20:35:00', 0),
(195, 'IVU806', 50024, 9740, '2021-10-30 20:35:00', 0),
(196, 'JOD159', 10256, 2500, '2021-10-30 20:35:00', 0),
(197, 'JYL658', 50024, 11260, '2021-10-30 20:35:00', 0),
(198, 'KEW957', 50024, 0, '2021-10-30 20:35:00', 0),
(199, 'KFO171', 10242, 2500, '2021-10-30 20:35:00', 0),
(200, 'KKG254', 50049, 0, '2021-10-30 20:35:00', 0),
(201, 'KKM130', 10086, 13440, '2021-10-30 20:35:00', 0),
(202, 'KLO770', 0, 9800, '2021-10-30 20:35:00', 0),
(203, 'KMW025', 50025, 0, '2021-10-30 20:35:00', 0),
(204, 'LIA 531', 0, 0, '2021-10-30 20:35:00', 0),
(205, 'LIJ904', 50024, 0, '2021-10-30 20:35:00', 0),
(206, 'LJG345', 10153, 7260, '2021-10-30 20:35:00', 0),
(207, 'LMK165', 50039, 14180, '2021-10-30 20:35:00', 0),
(208, 'LZE155', 50024, 5660, '2021-10-30 20:35:00', 0),
(209, 'MSY718', 0, 12600, '2021-10-30 20:35:00', 0),
(210, 'MVS246', 0, 0, '2021-10-30 20:35:00', 0),
(211, 'NCR999', 10153, 10860, '2021-10-30 20:35:00', 0),
(212, 'NCS000', 10153, 10860, '2021-10-30 20:35:00', 0),
(213, 'NFU984', 50024, 0, '2021-10-30 20:35:00', 0),
(214, 'NHV812', 10206, 0, '2021-10-30 20:35:00', 0),
(215, 'NJN977', 10153, 12780, '2021-10-30 20:35:00', 0),
(216, 'NKC159', 50024, 10240, '2021-10-30 20:35:00', 0),
(217, 'NPJ822', 0, 8000, '2021-10-30 20:35:00', 0),
(218, 'NQO043', 0, 8540, '2021-10-30 20:35:00', 0),
(219, 'NXB259', 50024, 0, '2021-10-30 20:35:00', 0),
(220, 'NXB262', 50024, 0, '2021-10-30 20:35:00', 0),
(221, 'NXB263', 50024, 0, '2021-10-30 20:35:00', 0),
(222, 'NXB264', 50024, 0, '2021-10-30 20:35:00', 0),
(223, 'NYE950', 50024, 0, '2021-10-30 20:35:00', 0),
(224, 'ODA943', 50024, 0, '2021-10-30 20:35:00', 0),
(225, 'ODA944', 50024, 0, '2021-10-30 20:35:00', 0),
(226, 'ODA945', 50024, 0, '2021-10-30 20:35:00', 0),
(227, 'ODA946', 50024, 0, '2021-10-30 20:35:00', 0),
(228, 'OHC435', 50039, 15260, '2021-10-30 20:35:00', 0),
(229, 'OKB636', 50024, 9640, '2021-10-30 20:35:00', 0),
(230, 'OOS840', 0, 11000, '2021-10-30 20:35:00', 0),
(231, 'ORB208', 0, 14680, '2021-10-30 20:35:00', 0),
(232, 'OTG291', 50024, 0, '2021-10-30 20:35:00', 0),
(233, 'OUG646', 10162, 2440, '2021-10-30 20:35:00', 0),
(234, 'PAI923', 50025, 0, '2021-10-30 20:35:00', 0),
(235, 'PDE973', 50024, 0, '2021-10-30 20:35:00', 0),
(236, 'PDE975', 50024, 0, '2021-10-30 20:35:00', 0),
(237, 'PDU777', 50024, 10960, '2021-10-30 20:35:00', 0),
(238, 'PDU778', 50024, 10600, '2021-10-30 20:35:00', 0),
(239, 'PDU779', 50024, 10960, '2021-10-30 20:35:00', 0),
(240, 'PFA152', 50024, 11580, '2021-10-30 20:35:00', 0),
(241, 'PFV818', 0, 0, '2021-10-30 20:35:00', 0),
(242, 'PGF263', 50024, 0, '2021-10-30 20:35:00', 0),
(243, 'PJE058', 10162, 2460, '2021-10-30 20:35:00', 0),
(244, 'RBS415', 0, 8480, '2021-10-30 20:35:00', 0),
(245, 'RBS544', 0, 7400, '2021-10-30 20:35:00', 0),
(246, 'RHQ611', 0, 6620, '2021-10-30 20:35:00', 0),
(247, 'RLP584', 10274, 2100, '2021-10-30 20:35:00', 0),
(248, 'RNF202', 0, 7140, '2021-10-30 20:35:00', 0),
(249, 'RNH655', 50029, 8560, '2021-10-30 20:35:00', 0),
(250, 'RQG329', 0, 8580, '2021-10-30 20:35:00', 0),
(251, 'RQR505', 50012, 10400, '2021-10-30 20:35:00', 0),
(252, 'RRA725', 0, 7660, '2021-10-30 20:35:00', 0),
(253, 'RRZ137', 0, 0, '2021-10-30 20:35:00', 0),
(254, 'RUF958', 0, 9360, '2021-10-30 20:35:00', 0),
(255, 'RUK854', 10025, 3660, '2021-10-30 20:35:00', 0),
(256, 'RVJ118', 0, 8760, '2021-10-30 20:35:00', 0),
(257, 'RYR098', 0, 8000, '2021-10-30 20:35:00', 0),
(258, 'SAS617', 0, 9000, '2021-10-30 20:35:00', 0),
(259, 'SAW927', 50027, 8127, '2021-10-30 20:35:00', 0),
(260, 'SBL051', 0, 7980, '2021-10-30 20:35:00', 0),
(261, 'SHY782', 50012, 0, '2021-10-30 20:35:00', 0),
(262, 'SLZ838', 0, 9060, '2021-10-30 20:35:00', 0),
(263, 'SNH293', 10057, 0, '2021-10-30 20:35:00', 0),
(264, 'SNY834', 0, 0, '2021-10-30 20:35:00', 0),
(265, 'SOY901', 50030, 0, '2021-10-30 20:35:00', 0),
(266, 'SQW807', 0, 8180, '2021-10-30 20:35:00', 0),
(267, 'SRW822', 10250, 2120, '2021-10-30 20:35:00', 0),
(268, 'SSY062', 10164, 0, '2021-10-30 20:35:00', 0),
(269, 'SVW979', 50061, 7800, '2021-10-30 20:35:00', 0),
(270, 'TCY090', 0, 8580, '2021-10-30 20:35:00', 0),
(271, 'TEG608', 50024, 12620, '2021-10-30 20:35:00', 0),
(272, 'TJM873', 0, 7900, '2021-10-30 20:35:00', 0),
(273, 'TPY554', 0, 8460, '2021-10-30 20:35:00', 0),
(274, 'TQL506', 0, 8280, '2021-10-30 20:35:00', 0),
(275, 'TYQ961', 0, 7800, '2021-10-30 20:35:00', 0),
(276, 'TZM087', 10057, 8800, '2021-10-30 20:35:00', 0),
(277, 'UGS981', 0, 7740, '2021-10-30 20:35:00', 0),
(278, 'UKT236', 0, 7360, '2021-10-30 20:35:00', 0),
(279, 'UMD966', 50041, 8320, '2021-10-30 20:35:00', 0),
(280, 'UMU904', 0, 11080, '2021-10-30 20:35:00', 0),
(281, 'URD824', 50030, 0, '2021-10-30 20:35:00', 0),
(282, 'UTE054', 0, 8400, '2021-10-30 20:35:00', 0),
(283, 'VAL181', 0, 0, '2021-10-30 20:35:00', 0),
(284, 'VDP188', 0, 8560, '2021-10-30 20:35:00', 0),
(285, 'VGR624', 10347, 2700, '2021-10-30 20:35:00', 0),
(286, 'VHB754', 0, 8020, '2021-10-30 20:35:00', 0),
(287, 'VHO690', 0, 0, '2021-10-30 20:35:00', 0),
(288, 'VJE673', 50029, 9160, '2021-10-30 20:35:00', 0),
(289, 'VNF202', 0, 7800, '2021-10-30 20:35:00', 0),
(290, 'VNJ611', 0, 7720, '2021-10-30 20:35:00', 0),
(291, 'VTV962', 50029, 7480, '2021-10-30 20:35:00', 0),
(292, 'VUG067', 0, 0, '2021-10-30 20:35:00', 0),
(293, 'VWZ449', 10309, 6700, '2021-10-30 20:35:00', 0),
(294, 'VXD314', 0, 5560, '2021-10-30 20:35:00', 0),
(295, 'VYU040', 50012, 10340, '2021-10-30 20:35:00', 0),
(296, 'WBW988', 0, 0, '2021-10-30 20:35:00', 0),
(297, 'WCA464', 10232, 6020, '2021-10-30 20:35:00', 0),
(298, 'WGM362', 0, 6700, '2021-10-30 20:35:00', 0),
(299, 'WGT834', 10164, 0, '2021-10-30 20:35:00', 0),
(300, 'WIX986', 0, 7820, '2021-10-30 20:35:00', 0),
(301, 'WKG449', 0, 7920, '2021-10-30 20:35:00', 0),
(302, 'WMZ330', 0, 7880, '2021-10-30 20:35:00', 0),
(303, 'WOO292', 0, 0, '2021-10-30 20:35:00', 0),
(304, 'WPV773', 0, 0, '2021-10-30 20:35:00', 0),
(305, 'WSO439', 0, 8720, '2021-10-30 20:35:00', 0),
(306, 'WSW013', 0, 7760, '2021-10-30 20:35:00', 0),
(307, 'WUD002', 50029, 8040, '2021-10-30 20:35:00', 0),
(308, 'WUG868', 0, 0, '2021-10-30 20:35:00', 0),
(309, 'WUU382', 0, 0, '2021-10-30 20:35:00', 0),
(310, 'WYS583', 50012, 10540, '2021-10-30 20:35:00', 0),
(311, 'XEL189', 0, 0, '2021-10-30 20:35:00', 0),
(312, 'XHH944', 0, 8740, '2021-10-30 20:35:00', 0),
(313, 'XKB052', 50042, 8120, '2021-10-30 20:35:00', 0);

-- --------------------------------------------------------

--
-- Estructura de tabla para la tabla `destinos`
--

CREATE TABLE `destinos` (
  `id` int(100) NOT NULL,
  `destino` varchar(250) NOT NULL,
  `activo` int(2) NOT NULL DEFAULT 0,
  `f_creacion` datetime NOT NULL DEFAULT current_timestamp()
) ENGINE=InnoDB DEFAULT CHARSET=utf8mb4;

--
-- Volcado de datos para la tabla `destinos`
--

INSERT INTO `destinos` (`id`, `destino`, `activo`, `f_creacion`) VALUES
(1, 'CDFR\r\n', 0, '2021-10-30 20:59:19'),
(2, 'PLANTA SOCIAL\r\n', 0, '2021-10-30 20:59:19'),
(3, 'OSSE', 0, '2021-10-30 20:59:22');

-- --------------------------------------------------------

--
-- Estructura de tabla para la tabla `django_admin_log`
--

CREATE TABLE `django_admin_log` (
  `id` int(11) NOT NULL,
  `action_time` datetime(6) NOT NULL,
  `object_id` longtext DEFAULT NULL,
  `object_repr` varchar(200) NOT NULL,
  `action_flag` smallint(5) UNSIGNED NOT NULL,
  `change_message` longtext NOT NULL,
  `content_type_id` int(11) DEFAULT NULL,
  `user_id` int(11) NOT NULL
) ENGINE=InnoDB DEFAULT CHARSET=utf8mb4;

-- --------------------------------------------------------

--
-- Estructura de tabla para la tabla `django_content_type`
--

CREATE TABLE `django_content_type` (
  `id` int(11) NOT NULL,
  `app_label` varchar(100) NOT NULL,
  `model` varchar(100) NOT NULL
) ENGINE=InnoDB DEFAULT CHARSET=utf8mb4;

--
-- Volcado de datos para la tabla `django_content_type`
--

INSERT INTO `django_content_type` (`id`, `app_label`, `model`) VALUES
(1, 'admin', 'logentry'),
(3, 'auth', 'group'),
(2, 'auth', 'permission'),
(4, 'auth', 'user'),
(5, 'contenttypes', 'contenttype'),
(6, 'sessions', 'session');

-- --------------------------------------------------------

--
-- Estructura de tabla para la tabla `django_migrations`
--

CREATE TABLE `django_migrations` (
  `id` int(11) NOT NULL,
  `app` varchar(255) NOT NULL,
  `name` varchar(255) NOT NULL,
  `applied` datetime(6) NOT NULL
) ENGINE=InnoDB DEFAULT CHARSET=utf8mb4;

--
-- Volcado de datos para la tabla `django_migrations`
--

INSERT INTO `django_migrations` (`id`, `app`, `name`, `applied`) VALUES
(1, 'contenttypes', '0001_initial', '2021-10-30 22:12:36.197807'),
(2, 'auth', '0001_initial', '2021-10-30 22:12:36.337819'),
(3, 'admin', '0001_initial', '2021-10-30 22:12:36.686545'),
(4, 'admin', '0002_logentry_remove_auto_add', '2021-10-30 22:12:36.796021'),
(5, 'admin', '0003_logentry_add_action_flag_choices', '2021-10-30 22:12:36.817025'),
(6, 'contenttypes', '0002_remove_content_type_name', '2021-10-30 22:12:36.912031'),
(7, 'auth', '0002_alter_permission_name_max_length', '2021-10-30 22:12:36.945036'),
(8, 'auth', '0003_alter_user_email_max_length', '2021-10-30 22:12:36.967037'),
(9, 'auth', '0004_alter_user_username_opts', '2021-10-30 22:12:36.985039'),
(10, 'auth', '0005_alter_user_last_login_null', '2021-10-30 22:12:37.018045'),
(11, 'auth', '0006_require_contenttypes_0002', '2021-10-30 22:12:37.022043'),
(12, 'auth', '0007_alter_validators_add_error_messages', '2021-10-30 22:12:37.036041'),
(13, 'auth', '0008_alter_user_username_max_length', '2021-10-30 22:12:37.057043'),
(14, 'auth', '0009_alter_user_last_name_max_length', '2021-10-30 22:12:37.078049'),
(15, 'auth', '0010_alter_group_name_max_length', '2021-10-30 22:12:37.101046'),
(16, 'auth', '0011_update_proxy_permissions', '2021-10-30 22:12:37.114046'),
(17, 'sessions', '0001_initial', '2021-10-30 22:12:37.134049');

-- --------------------------------------------------------

--
-- Estructura de tabla para la tabla `django_session`
--

CREATE TABLE `django_session` (
  `session_key` varchar(40) NOT NULL,
  `session_data` longtext NOT NULL,
  `expire_date` datetime(6) NOT NULL
) ENGINE=InnoDB DEFAULT CHARSET=utf8mb4;

-- --------------------------------------------------------

--
-- Estructura de tabla para la tabla `generadores`
--

CREATE TABLE `generadores` (
  `id` int(100) NOT NULL,
  `nombre` varchar(250) NOT NULL,
  `cuit` varchar(100) NOT NULL,
  `nombre_fantasia` varchar(250) NOT NULL,
  `f_creacion` datetime NOT NULL DEFAULT current_timestamp(),
  `activo` int(2) DEFAULT 0
) ENGINE=InnoDB DEFAULT CHARSET=utf8mb4;

--
-- Volcado de datos para la tabla `generadores`
--

INSERT INTO `generadores` (`id`, `nombre`, `cuit`, `nombre_fantasia`, `f_creacion`, `activo`) VALUES
(1, 'LAVADERO MDP S.R.L.', '30-58933576-3', 'LAVADERO MDP', '2021-10-30 20:33:34', 0),
(2, 'PEPSICO DE ARGENTINA S.A.', '30-53764771-6', 'PEPSICO', '2021-10-30 20:33:34', 0),
(5, 'B. BRAUN MEDICAL S.A.', '30-69074787-8', 'B BRAUN S.A.', '2021-10-30 20:33:34', 0),
(7, 'SISTEMAS AMBIENTALES S.A.', '30-67963320-8', 'SISTEMAS AMBIENTALES', '2021-10-30 20:33:34', 0),
(8, 'QUIMICOS ESSIOD S.A.', '30-60201135-2', 'QUIMICOS ESSIOD', '2021-10-30 20:33:34', 0),
(11, 'CIAGESER S.A.', '30-70759266-0', 'CIAGESER', '2021-10-30 20:33:34', 0),
(25, 'BERNABEU SONIA (LA LUJANERA)', '27-18704760-4', 'LA LUJANERA', '2021-10-30 20:33:34', 0),
(46, 'NUEVO VIENTO S.R.L.', '30-68556541-9', 'NUEVO VIENTO S.R.L.', '2021-10-30 20:33:34', 0),
(52, 'OLAMAR S.A.', '30-70810016-8', 'OLAMAR S.A.', '2021-10-30 20:33:34', 0),
(54, 'NATUSUR S.A.', '30-69000818-8', 'NATUSUR S.A.', '2021-10-30 20:33:34', 0),
(56, 'JOSE DI SCALA E HIJOS S.A.', '30-68562953-0', 'JOSE DI SCALA E HIJOS S.A.', '2021-10-30 20:33:34', 0),
(58, 'INDUSTRIA ANCHOMAR S.A.', '30-71050484-5', 'INDUSTRIA ANCHOMAR S.A.', '2021-10-30 20:33:34', 0),
(60, 'COOMARPES LTDA', '30-50403682-7', 'COOMARPES', '2021-10-30 20:33:34', 0),
(62, 'FRANCISCO M. NUCETE JIMENA Y M. DEL CARMEN', '30-67955301-8', 'MELILLA', '2021-10-30 20:33:34', 0),
(66, 'CATESUR S.A.', '30-70899628-5', 'CATESUR', '2021-10-30 20:33:34', 0),
(70, 'MATTERA HNOS S.A.', '33-64646527-9', 'MATTERA HNOS S.A.', '2021-10-30 20:33:34', 0),
(76, 'SUPERMERCADOS TOLEDO', '30-55149749-2', 'TOLEDO SUPERMERCADOS ', '2021-10-30 20:33:34', 0),
(77, 'LA CAMPAGNOLA', '30-52551891-0', 'LA CAMPAGNOLA S.A.C.I.', '2021-10-30 20:33:34', 0),
(78, 'CONGELADOS ARTICO S.A.', '30-65482746-6', 'CONGELADOS ARTICO S.A.', '2021-10-30 20:33:34', 0),
(79, 'GAVETECO S.A.I.C.F.E.I.', '30-50373996-4', 'GAVETECO S.A.I.C.F. E I.', '2021-10-30 20:33:34', 0),
(80, 'MARINA PORT SERVICES S.R.L.', '30-70870448-9', 'MARINA PORT SERVICES S.R.L.', '2021-10-30 20:33:34', 0),
(81, 'COMERCIAL INAL 2005 S.A.', '30-70907034-3', 'COMERCIAL INAL 2005 S.A.', '2021-10-30 20:33:34', 0),
(83, 'MARBELLA S.A.I.C.', '30-53109044-2', 'MARBELLA S.A.I.C', '2021-10-30 20:33:34', 0),
(84, 'LAYPA S.A.', '30-55649423-8', 'LAYPA S.A.', '2021-10-30 20:33:34', 0),
(85, 'WANCHESE ARGENTINA S.R.L.', '30-68513999-1', 'WANCHESE ARGENTINA S.R.L.', '2021-10-30 20:33:34', 0),
(86, 'JOSE MOSCUZZA Y CIA S.A.', '30-50431047-3', 'MOSCUZZA REDES', '2021-10-30 20:33:34', 0),
(87, 'TRANSPORTES SCOR-DINA S.A.', '30-51854908-8', 'SCOR-DINA S.A.', '2021-10-30 20:33:34', 0),
(88, 'INFRIBA S.A.', '30-60870834-7', 'INFRIBA S.A.', '2021-10-30 20:33:34', 0),
(90, 'OMEGA SUR S.A.', '30-70768524-3', 'OMEGA SUR S.A.', '2021-10-30 20:33:34', 0),
(91, 'MATERIA HNOS S.A.C.I.F.', '30-50583922-2', 'MATERIA HNOS S.A.C.I.F.', '2021-10-30 20:33:34', 0),
(92, 'VISONES SANTA CATALINA S.R.L.', '30-70838883-8', 'VISONES SANTA CATALINA', '2021-10-30 20:33:34', 0),
(93, 'CABRALES S.A.', '30-53774574-2', 'CABRALES', '2021-10-30 20:33:34', 0),
(94, 'MARDI S.A.', '30-62074449-9', 'MARDI S.A.', '2021-10-30 20:33:34', 0),
(95, 'TEXTILANA S.A.', '30-58707519-5', 'TEXTILANA S.A.', '2021-10-30 20:33:34', 0),
(96, 'EL RAPIDO ARGENTINO', '30-54622230-2', 'EL RAPIDO ARGENTINO', '2021-10-30 20:33:34', 0),
(97, 'CHIARPESCA S.A.', '30-66332187-7', 'CHIARPESCA S.A.', '2021-10-30 20:33:34', 0),
(98, 'METALURGICA BONANO S.A.', '30-58329816-5', 'METALURGICA BONANO S.A.', '2021-10-30 20:33:34', 0),
(99, 'REGINALD LEE S.A.', '30-53662310-4', 'COCA COLA', '2021-10-30 20:33:34', 0),
(100, 'GLACIAR PESQUERA S.A.', '30-68297158-0', 'GLACIAR PESQUERA S.A.', '2021-10-30 20:33:34', 0),
(101, 'ESKABE S.A.', '30-50333978-8', 'ESKABE', '2021-10-30 20:33:34', 0),
(102, 'COPECA S.A.', '30-64683270-1', 'COPECA S.A.', '2021-10-30 20:33:34', 0),
(103, 'OACI S.A. (CIARDI HNOS)', '30-59108779-3', 'CIARDI HNOS', '2021-10-30 20:33:34', 0),
(104, 'ARDAPEZ S.A.', '30-66613523-3', 'ARDAPEZ', '2021-10-30 20:33:34', 0),
(105, 'R.C.I. S.R.L.', '30-70863137-6', 'R.C.I. S.R.L.', '2021-10-30 20:33:34', 0),
(106, 'TECMAR S.A.', '30-67678547-3', 'TECMAR S.A.', '2021-10-30 20:33:34', 0),
(108, 'ASTILLERO NAVAL FEDERICO CONTESSI CIA SACIFAN', '30-50698833-7', 'ASTILLERO CONTESSI', '2021-10-30 20:33:34', 0),
(109, 'SUPREMAC?A MARINA S.A.', '30-71094595-7', 'SUPREMAC?A MARINA S.A.', '2021-10-30 20:33:34', 0),
(110, 'ISOLA VERDE 1? S.R.L.', '33-64295439-9', 'ISOLA VERDE 1?', '2021-10-30 20:33:34', 0),
(112, 'ESTEBAN RAUL ZUBILLAGA', '20-05331059-2', '#N/D', '2021-10-30 20:33:34', 0),
(113, 'IMEPHO S.A.', '33-55876285-9', 'IMEPHO', '2021-10-30 20:33:34', 0),
(114, 'PEDRO MOSCUZZA E HIJOS S.A.', '30-50471539-2', 'PEDRO MOSCUZZA E HIJOS S.A.', '2021-10-30 20:33:34', 0),
(115, 'TRANSPORTES AUTOMOTORES PLUSMAR S.A.', '30-57733887-2', 'PLUSMAR', '2021-10-30 20:33:34', 0),
(116, 'CHIARCO S.A.', '33-71149686-9', '#N/D', '2021-10-30 20:33:34', 0),
(119, 'LUIS SOLIMENO E HIJOS S.A.', '33-57012494-9', 'LUIS SOLIMENO E HIJOS S.A.', '2021-10-30 20:33:34', 0),
(120, 'PESQUERA COMERCIAL S.A.', '30-65204924-5', 'PESQUERA COMERCIAL S.A.', '2021-10-30 20:33:34', 0),
(122, 'PRANAS S.A.', '30-68999177-3', 'PRANAS S.A.', '2021-10-30 20:33:34', 0),
(123, 'RAUL VIDAL', '23-07816020-9', 'RAUL VIDAL', '2021-10-30 20:33:34', 0),
(124, 'PESCA ARGENTINA S.A.', '30-70962453-5', 'PESCA ARGENTINA', '2021-10-30 20:33:34', 0),
(125, 'EL MARISCO S.A.', '30-56307834-7', 'EL MARISCO', '2021-10-30 20:33:34', 0),
(126, 'DISEMAR S.A. (BELLEZA DEL MAR)', '30-70981659-0', 'BELLEZA DEL MAR', '2021-10-30 20:33:34', 0),
(127, 'AGUSTINER S.A.', '30-62121268-7', 'AGUSTINER', '2021-10-30 20:33:34', 0),
(128, 'DELICIAS S.A.', '30-70158557-3', 'DELICIAS MARINAS', '2021-10-30 20:33:34', 0),
(130, 'MAR PICADO S.A.', '30-62341301-9', 'MAR PICADO S.A.', '2021-10-30 20:33:34', 0),
(131, 'MDQ LE SPORT S.A.', '30-70815705-4', 'OPEN SPORTS', '2021-10-30 20:33:34', 0),
(132, 'MILLA MAR DEL PLATA S.A.', '30-71179282-8', 'MILLA MAR DEL PLATA', '2021-10-30 20:33:34', 0),
(133, 'HILLER S.A. (HERGO)', '33-68519836-9', 'HERGO SUPER MAYORISTA', '2021-10-30 20:33:34', 0),
(134, 'CERROSUD S.A.', '30-53452889-9', 'CERROSUD', '2021-10-30 20:33:34', 0),
(135, 'SE?ORANS ADRIAN GUSTAVO', '20-17796675-5', 'SE?ORANS ADRIAN GUSTAVO', '2021-10-30 20:33:34', 0),
(136, 'TRAWELUWN S.A.', '30-70978488-5', 'TRAWELUWN S.A.', '2021-10-30 20:33:34', 0),
(138, 'SOLUCIONES NAVALES S.R.L.', '30-70867304-4', 'SOLUCIONES NAVALES S.R.L.', '2021-10-30 20:33:34', 0),
(139, 'TATURIELLO S.A.', '33-68561875-9', 'TATURIELLO S.A.', '2021-10-30 20:33:34', 0),
(140, 'OSTRAMAR S.A.', '30-59733304-4', 'OSTRAMAR S.A.', '2021-10-30 20:33:34', 0),
(142, 'SERVICIOS PORTUARIOS INTEGRADOS S.A.', '30-57879039-6', 'SPI ASTILLEROS', '2021-10-30 20:33:34', 0),
(143, 'INDABA INTERNACIONAL S.A.', '30-70815875-1', 'INDABA INTERNACIONAL S.A.', '2021-10-30 20:33:34', 0),
(144, 'FOOD ARTS S.A. (KALEU KALEU)', '30-70737964-9', 'KALEU KALEU', '2021-10-30 20:33:34', 0),
(145, 'HESPARREN S.R.L.', '30-70950202-2', 'HESPARREN S.R.L.', '2021-10-30 20:33:34', 0),
(146, 'VIALVE S.A.', '30-70066760-6', 'VIALVE S.A.', '2021-10-30 20:33:34', 0),
(147, 'DI YORIO E HIJOS S.R.L.', '30-68556718-7', 'DI YORIO E HIJOS S.R.L.', '2021-10-30 20:33:34', 0),
(148, 'COPPENS S.A.', '30-51967820-5', 'COPPENS S.A.', '2021-10-30 20:33:34', 0),
(149, 'INDUSTRIA SANTA MARIA DEL MAR S.R.L.', '30-70789279-6', 'INDUSTRIA SANTA MARIA DEL MAR', '2021-10-30 20:33:34', 0),
(150, 'GOLDEN FRUIT S.A.', '30-68997508-5', 'GOLDEN FRUIT S.A.', '2021-10-30 20:33:34', 0),
(151, 'DE FRANCESCO', '20-12863421-6', 'DE FRANCESCO', '2021-10-30 20:33:34', 0),
(152, 'FRIGORIFICO DON LUIS S.R.L.', '30-70734464-0', 'FRIGORIFICO DON LUIS S.R.L.', '2021-10-30 20:33:34', 0),
(153, 'VEPEZ S.A.', '30-71196009-7', 'VEPEZ S.A. ', '2021-10-30 20:33:34', 0),
(154, 'LA ISOLANA S.R.L.', '30-64178910-7', 'LA ISOLANA S.R.L.', '2021-10-30 20:33:34', 0),
(157, 'SIDER GROUP S.A.', '30-71163550-1', 'CENTRO SIDER', '2021-10-30 20:33:34', 0),
(158, 'MOLINA MARCELO ANTONIO (PESCADER?A EL TIMON)', '23-16147562-9', 'PESCADERIA EL TIMON', '2021-10-30 20:33:34', 0),
(159, 'CIA. IND. FRUTIHORTICOLA S.A.', '30-62432652-7', 'CIFSA', '2021-10-30 20:33:34', 0),
(160, 'PAPASUD S.A.', '30-70848892-1', 'PAPASUD S.A.', '2021-10-30 20:33:34', 0),
(162, 'SUR ESTE ARGEN S.A.', '30-65766938-1', 'SUR ESTE ARGEN S.A.', '2021-10-30 20:33:34', 0),
(163, 'NORGREEN S.A.', '30-67961829-2', 'NORGREEN S.A.', '2021-10-30 20:33:34', 0),
(165, 'MARBETAN S.A.', '30-61592298-2', 'MARBETAN', '2021-10-30 20:33:34', 0),
(166, 'SUPERMERCADOS MAYORISTAS MAKRO S.A.', '30-58962149-9', 'SUPERMERCADOS MAKRO', '2021-10-30 20:33:34', 0),
(167, 'PAMPA FISH S.A.', '30-70954380-2', 'PAMPA FISH S.A.', '2021-10-30 20:33:34', 0),
(168, 'WALTER MONZON', '20-25026242-7', 'AGENCIA MARITIMA CHAURA', '2021-10-30 20:33:34', 0),
(170, 'EL RAPIDO DEL SUD S.A.', '30-54634008-9', 'EL R?PIDO DEL SUD', '2021-10-30 20:33:34', 0),
(171, 'MUNICIPALIDAD DE MAR CHIQUITA', '30-63942961-6', 'MAR CHIQUITA', '2021-10-30 20:33:34', 0),
(172, 'LABORATORIOS PHARMAMERICAN S.R.L.', '30-67957482-1', 'SAINT GOTTARD', '2021-10-30 20:33:34', 0),
(173, 'GIL COMES ARGENTINA S.R.L.', '30-71143183-3', 'GIL COMES', '2021-10-30 20:33:34', 0),
(174, 'MASSON Y MASSON S.R.L.', '30-68134439-6', 'EL PAMPEANO', '2021-10-30 20:33:34', 0),
(175, 'YPF GAS S.A. (PLANTA 1)', '30-51548847-9', 'YPF GAS ', '2021-10-30 20:33:34', 0),
(177, 'SUPERMERCADO MAYORISTA YAGUAR S.A.', '30-62964267-2', 'SUPERMERCADO YAGUAR', '2021-10-30 20:33:34', 0),
(180, 'MAREVEL S.A.', '30-70809399-4', 'MAREVEL S.A.', '2021-10-30 20:33:34', 0),
(181, 'GOMERIA ALBERTI S.R.L.', '30-67962662-7', 'GOMERIA ALBERTI', '2021-10-30 20:33:34', 0),
(182, 'CENTAURO S.A.', '30-52318665-1', 'CENTAURO S.SA', '2021-10-30 20:33:34', 0),
(184, 'TODO NEUMATICO S.R.L.', '30-70828337-8', 'TODO NEUMATICO', '2021-10-30 20:33:34', 0),
(185, 'MAR DEL PLATA SODA S.A.', '30-56182024-0', 'MAR DEL PLATA SODA S.A.', '2021-10-30 20:33:34', 0),
(186, 'NUTRECO ALIMENTOS S.A.', '30-67221680-6', 'NUTRECO ALIMENTOS', '2021-10-30 20:33:34', 0),
(187, 'TERAMAL S.A.', '30-59133111-2', 'TERAMAL S.A.', '2021-10-30 20:33:34', 0),
(188, 'AP ARGENTINA S.A.', '30-70872554-0', 'AP ARGENTINA', '2021-10-30 20:33:34', 0),
(191, 'ELAS S.R.L. (EL GRIEGO)', '30-68561943-8', 'EL GRIEGO', '2021-10-30 20:33:34', 0),
(192, 'SANDCITY SA', '30-71254952-8', 'BALN HORIZONTE DEL SOL', '2021-10-30 20:33:34', 0),
(193, 'MILTON S.A.', '30-70809715-9', 'ANTARES', '2021-10-30 20:33:34', 0),
(194, 'MCCAIN ARGENTINA S.A.', '30-67964590-7', 'MCCAIN', '2021-10-30 20:33:34', 0),
(195, 'LABORATORIOS QUIMICOS S.R.L.', '30-63854701-1', 'GIHON', '2021-10-30 20:33:34', 0),
(197, 'CARPINTERIA DAMIANI S.R.L.', '30-68559694-2', 'CARPINTERIA DAMIANI', '2021-10-30 20:33:34', 0),
(198, 'COLINAS DE PAZ', '30-58819476-7', 'COLINAS DE PAZ', '2021-10-30 20:33:34', 0),
(199, 'SOLANA S.R.L.', '30-62442042-6', 'SOLANA S.R.L.', '2021-10-30 20:33:34', 0),
(200, 'BALI?A ANGEL PABLO', '20-18139852-4', 'NEUMATICOS APOLO XI', '2021-10-30 20:33:34', 0),
(201, 'SUCESION DE FICICCHIA ALDO F', '20-05303845-0', 'CRIADERO FICICCHIA', '2021-10-30 20:33:34', 0),
(203, 'SALAMAR S.A.', '30-69260689-9', 'SALAMAR', '2021-10-30 20:33:34', 0),
(204, 'PANEDILE ARGENTINA S.A.I.C.F. E.I. TESUR S.A.-UTE', '30-71425040-6', 'PANEDILE ARGENTINA', '2021-10-30 20:33:34', 0),
(207, 'FRIGORIFICO DEL SUD-ESTE S.A.', '30-50095993-9', 'FRIGORIFICO DEL SUD-ESTE', '2021-10-30 20:33:34', 0),
(208, '14 DE JULIO S.A.', '30-67957864-9', '14 DE JULIO S.A.', '2021-10-30 20:33:34', 0),
(209, 'COARCO S.A.', '30-51650063-4', 'COARCO', '2021-10-30 20:33:34', 0),
(210, 'NEUMATICOS INDEPENDENCIA S.R.L. (VULCAMOIA)', '30-71464938-4', 'VULCAMOIA NEUMATICOS', '2021-10-30 20:33:34', 0),
(211, 'LAGOMARSINO S.A.', '30-54171633-1', 'MOLINO CONCEPCION', '2021-10-30 20:33:34', 0),
(212, 'LEGS CORP S.A.', '33-70830720-9', 'SACOA', '2021-10-30 20:33:34', 0),
(213, 'COOPERATIVA NUEVO RUMBO', '30-70961374-6', '.', '2021-10-30 20:33:34', 0),
(214, 'ARQUIMICA S.R.L.', '30-70905910-2', 'ARQUIMICA S.R.L.', '2021-10-30 20:33:34', 0),
(215, 'SUR TRADE S.A.', '30-67682762-1', 'SUR TRADE FRIGORIFICO', '2021-10-30 20:33:34', 0),
(216, 'INCLUMAR S.A.', '30-71520457-2', 'INCLUMAR', '2021-10-30 20:33:34', 0),
(217, 'COOP. DE TRABAJO NUEVO AMANECER', '30-71401632-2', 'COOP. NUEVO AMANECER LTDA', '2021-10-30 20:33:34', 0),
(219, 'NUEVO CENTRO COMERCIAL DEL PUERTO', '30-70817391-2', 'NVO CENTRO COM DEL PUERTO', '2021-10-30 20:33:34', 0),
(220, 'RECICLADORA AUTOMOTORES MDQ S.A.', '30-71490005-2', 'RECICLADORA AUTOMOTORES MDQ S.A.', '2021-10-30 20:33:34', 0),
(221, 'SANCHEZ JORGE MANUEL', '20-27625654-9', 'SHOW WHEELS', '2021-10-30 20:33:34', 0),
(223, 'ANTONIO PORPIGLIA S.A.', '30-64064071-1', 'MATEXSUR', '2021-10-30 20:33:34', 0),
(224, 'COOP. DE TRABAJO NUEVO ARHEHPEZ', '33-71486949-9', 'COOP. NUEVO ARHEHPEZ LTDA', '2021-10-30 20:33:34', 0),
(227, 'LLULL SERVICIOS Y NEUM?TICOS', '20-10967757-5', 'LLULL SERVICIOS Y NEUM?TICOS', '2021-10-30 20:33:34', 0),
(228, 'DEPOSITO JUNCAL S.A.', '30-71435229-2', 'DEPOSITO JUNCAL S.A.', '2021-10-30 20:33:34', 0),
(229, 'RECUPERADORA ALETRIO S.A.', '30-71447056-2', 'RECUPERADORA ALETRIO', '2021-10-30 20:33:34', 0),
(230, 'CENCOSUD S.A. (EASY)', '30-59036076-3', 'EASY', '2021-10-30 20:33:34', 0),
(231, 'AQV AMBIENTAL', '30-71584465-2', 'AQV AMBIENTAL', '2021-10-30 20:33:34', 0),
(232, 'SUIZO ARGENTINA S.A.', '30-51696843-1', 'SUIZO ARGENTINA S.A.', '2021-10-30 20:33:34', 0),
(233, 'COOPERATIVA DE HORTICULTORES MDP LTDA', '33-53527758-9', 'COOP. HORTICULTORES MDP', '2021-10-30 20:33:34', 0),
(234, 'FRIO POLAR S.A.', '30-71087051-5', 'FRIO POLAR S.A.', '2021-10-30 20:33:34', 0),
(235, 'PLASTICOS SAN FRANCISCO S.A.C.I.F.', '33-52186945-9', 'PLASTICOS SAN FRANCISCO ', '2021-10-30 20:33:34', 0),
(236, 'PESQUERA GEMINIS S.A.', '30-68557384-5', 'PESQUERA GEMINIS S.A.', '2021-10-30 20:33:34', 0),
(237, 'BRICKLAND DVLP S.A.', '30-71052507-9', 'ROYAL PARK', '2021-10-30 20:33:34', 0),
(238, 'RESICONT S.A.', '30-71528156-9', 'RESICONT', '2021-10-30 20:33:34', 0),
(239, 'CONSORCIO PORTUARIO REGIONAL DE MAR DEL PLATA', '30-70738200-3', 'CONSORCIO PORTUARIO MDP', '2021-10-30 20:33:34', 0),
(240, 'PROCOSUD S.A.', '30-61658268-9', 'PROCOSUD S.A.', '2021-10-30 20:33:34', 0),
(241, 'SURANO S.A.', '30-71185614-1', 'GRUPO LAR', '2021-10-30 20:33:34', 0),
(242, 'MOBILI MDQ S.A.', '30-71418603-1', 'MOBILI MDQ S.A.', '2021-10-30 20:33:34', 0),
(243, 'EMPRESA ARGENTINA S.A.T.A', '30-54625314-3', 'EMPRESA ARGENTINA S.A.T.A', '2021-10-30 20:33:34', 0),
(244, 'HAVANNA S.A.', '33-69723104-9', '#N/D', '2021-10-30 20:33:34', 0),
(245, 'TROMAR ATLANTICO S.R.L.', '30-71205329-8', 'TROMARCO EDIFICIOS', '2021-10-30 20:33:34', 0),
(247, 'SWIBOWICZ PABLO (MATERIALES SAN PABLO)', '20-93726627-9', 'MATERIALES SAN PABLO', '2021-10-30 20:33:34', 0),
(248, 'RUTENIA S.A.', '30-71200330-4', 'RUTENIA S.A.', '2021-10-30 20:33:34', 0),
(249, 'QUINTEROS MARIO GERMAN (ALFA CERAMICOS)', '20-30799959-6', 'ALFA CERAMICOS', '2021-10-30 20:33:34', 0),
(251, 'EMP. DE TRANSPORTE PERALTA RAMOS S.A.', '30-54635452-7', 'TRANSPORTE PERALTA RAMOS', '2021-10-30 20:33:34', 0),
(252, 'TRANSPORTES 25 DE MAYO S.R.L.', '30-57190059-5', 'TRANSPORTES 25 DE MAYO', '2021-10-30 20:33:34', 0),
(253, 'INC S.A. (CARREFOUR)', '30-68731043-4', 'SUPERMERCADO CARREFOUR', '2021-10-30 20:33:34', 0),
(254, 'CORREA TUGORES S.R.L.', '33-71424385-9', 'MALONDRA CORREA MOBILIARIO ', '2021-10-30 20:33:34', 0),
(255, 'L.E.CER S.R.L.', '30-70816952-4', 'LA ESQUINA DEL CERAMICO', '2021-10-30 20:33:34', 0),
(256, 'PESCASOL S.A.', '30-68142069-6', 'BUQUE LUCA MARIO', '2021-10-30 20:33:34', 0),
(257, 'COSTA MARINA S.A.', '30-68136732-9', 'BUQUE PONTE DE RANDE', '2021-10-30 20:33:34', 0),
(258, 'INAREPS', '30-63052150-1', 'INAREPS', '2021-10-30 20:33:34', 0),
(259, 'NIETOS DE ANTONIO BALDINO S.A.', '30-71422864-8', 'NIETOS DE ANTONIO BALDINO S.A.', '2021-10-30 20:33:34', 0),
(260, 'SILBRUMAR S.R.L.', '30-70980425-8', 'SILBRUMAR S.R.L.', '2021-10-30 20:33:34', 0),
(261, 'ARTURO RICARDO MARTINS', '20-12063650-3', 'SASULA', '2021-10-30 20:33:34', 0),
(262, 'MARMOLERIA SAN DIEGO S.R.L.', '30-71067050-8', 'SAN DIEGO MESADAS', '2021-10-30 20:33:34', 0),
(263, 'XEITOSI?O S.A.', '30-71465933-9', 'XEITOSI?O S.A.', '2021-10-30 20:33:34', 0),
(264, 'MALAL HUE EN CHAPADMALAL S.A.', '30-51330954-2', 'MALAL HUE', '2021-10-30 20:33:34', 0),
(265, 'LHMAC XXI S.A.', '30-71449060-1', 'LHMAC XXI S.A.', '2021-10-30 20:33:34', 0),
(267, 'PUEYRREDON RUGBY CLUB', '30-68136602-0', 'PUEYRREDON RUGBY CLUB', '2021-10-30 20:33:34', 0),
(268, 'FIDEICOMISO EG 12', '30-71556981-3', 'FIDEICOMISO EG 12', '2021-10-30 20:33:34', 0),
(269, 'FIDEICOMISO EG 14', '30-71589737-3', 'FIDEICOMISO EG 14', '2021-10-30 20:33:34', 0),
(270, 'MARCELO M. CINQUE S.A.', '33-71514250-9', 'CINTER CRISTALES', '2021-10-30 20:33:34', 0),
(271, 'VILLA TOMAS SANTIAGO ZENON', '20-26107237-9', '#N/D', '2021-10-30 20:33:34', 0),
(272, 'NAIKA S.A.', '30-69254390-0', 'NAIKA', '2021-10-30 20:33:34', 0),
(273, 'POMPHILE JULIO', '20-11743050-3', 'POMPHILE JULIO', '2021-10-30 20:33:34', 0),
(274, 'RECMIL S.A.', '30-70800922-5', 'RECMIL S.A.', '2021-10-30 20:33:34', 0),
(275, 'LUCRINO MARE S.A. (EL REY DE LAS RABAS)', '30-71053064-1', 'EL REY DE LAS RABAS', '2021-10-30 20:33:34', 0),
(276, 'OPERADORA SAN JUAN S.A. (SHELL)', '30-70949742-8', 'ESTACION SHELL', '2021-10-30 20:33:34', 0),
(277, 'SCANIA ARGENTINA S.A.', '30-51742432-3', '#N/D', '2021-10-30 20:33:34', 0),
(278, 'MAURO ARIEL SAMPIRISI', '20-21376979-1', 'MAURO ARIEL SAMPIRISI', '2021-10-30 20:33:34', 0),
(279, 'NOVAMAR S.A.', '30-61608409-3', 'NOVAMAR S.A.', '2021-10-30 20:33:34', 0),
(280, 'PESQUERA CERES S.A.', '30-67955547-9', 'PESQUERA CERES S.A.', '2021-10-30 20:33:34', 0),
(281, 'MIA S.A.', '30-63125252-0', 'MIA S.A.', '2021-10-30 20:33:34', 0),
(282, 'NIRO CONSTRUCCIONES S.A.', '33-58817197-9', 'NIRO CONSTRUCCIONES', '2021-10-30 20:33:34', 0),
(283, 'PLASTIGAS MAR DEL PLATA S.A.', '30-52333600-9', 'PLASTIGAS MAR DEL PLATA S.A.', '2021-10-30 20:33:34', 0),
(284, 'ALDEMAC S.A. (HOTEL HERODES)', '30-64610328-9', 'HOTEL HERODES', '2021-10-30 20:33:34', 0),
(285, 'MAR CALMO S.R.L.', '30-71031540-6', 'MAR CALMO S.R.L.', '2021-10-30 20:33:34', 0),
(286, 'HERNANDEZ, LUCAS MARCELO', '20-29257912-9', '#N/D', '2021-10-30 20:33:34', 0),
(287, 'DI SANTO GUSTAVO JAVIER (CERRO DORADO REV)', '20-26438172-0', 'CERRO DORADO REVESTIMIENTOS', '2021-10-30 20:33:34', 0),
(288, 'PUERTO MI?OR S.A.', '30-70969910-1', 'PUERTO MI?OR S.A.', '2021-10-30 20:33:34', 0),
(289, 'MADERERA JUAN B. JUSTO S.R.L.', '30-58944525-9', 'JUAN B. JUSTO PLACAS Y MADERAS', '2021-10-30 20:33:34', 0),
(290, 'MARTINEZ ROSANA PATRICIA (TRANSFRIO)', '27-14671663-1', 'TRANSFRIO', '2021-10-30 20:33:34', 0),
(291, 'VICTOR ALEJANDRO VEGA S.A.', '30-66615437-8', 'VICTOR VEGA MAT. PARA LA CONST.', '2021-10-30 20:33:34', 0),
(292, 'DESECHOS TECNOLOGICOS S.R.L.', '33-71090519-9', 'DESECHOS TECNOLOGICOS', '2021-10-30 20:33:34', 0),
(293, 'I.N.I.D.E.P.', '30-57229537-7', 'I.N.I.D.E.P.', '2021-10-30 20:33:34', 0),
(294, 'FUNDACION MEDICA MAR DEL PLATA (HPC)', '30-54612550-1', 'HPC -HOSP PRIV DE COMUNIDAD', '2021-10-30 20:33:34', 0),
(295, 'TECNOPESCA ARGENTINA S.A.', '30-67958454-1', 'TECNOPESCA ARGENTINA S.A.', '2021-10-30 20:33:34', 0),
(297, 'ASOC CIV.PEQ.OBRA DE LA DIV.PROV. HOGAR DON ORIONE', '30-57346414-8', 'HOGAR DON ORIONE Y CENTRO DE DIA', '2021-10-30 20:33:34', 0),
(298, 'CONSORCIO ARENAS DEL SUR', '30-71033086-3', 'BARRIO ARENAS DEL SUR', '2021-10-30 20:33:34', 0),
(299, 'NUSADUA S.A. (ABRACADABRA BEACH)', '30-71429515-9', 'ABRACADABRA BEACH', '2021-10-30 20:33:34', 0),
(300, 'LUIS ALBERTO CARMONA (LA CASETA)', '20-14319360-9', 'LUIS CARMONA PRODUCCIONES', '2021-10-30 20:33:34', 0),
(301, 'SURGEON CAR S.R.L.', '30-71534588-5', 'SURGEON CAR S.R.L.', '2021-10-30 20:33:34', 0),
(302, 'FLUENCE ARGENTINA S.A.', '30-66615048-8', 'FLUENCE', '2021-10-30 20:33:34', 0),
(303, 'IBERCONSA DE ARGENTINA S.A.', '30-67057144-7', 'IBERCONSA', '2021-10-30 20:33:34', 0),
(304, 'RACO MARIANO OMAR', '20-25718564-2', '#N/D', '2021-10-30 20:33:34', 0),
(305, 'ALTA DISTRIBUCION S.A.', '30-71088730-2', 'ALTA DISTRIBUCION S.A.', '2021-10-30 20:33:34', 0),
(306, 'FESCAP S.A.', '30-70816758-0', 'FESCAP S.A.', '2021-10-30 20:33:34', 0),
(307, 'LA ITALO ARGENTINA S.C.A.', '30-51751018-8', 'LA ITALO ARGENTINA S.C.A.', '2021-10-30 20:33:34', 0),
(308, 'CROVO DAVID', '23-31140498-9', '#N/D', '2021-10-30 20:33:34', 0),
(309, 'OTEIZA EDUARDO MIGUEL (PARABRISAS LALO)', '20-12729613-9', 'PARABRISAS LALO', '2021-10-30 20:33:34', 0),
(310, 'EMPRESA DISTRIBUIDORA DE ENERG?A EL?CTRICA S.A.', '30-68997751-7', 'EDEA', '2021-10-30 20:33:34', 0),
(311, 'PESQUERA VERAZ S.A.', '30-62441919-3', 'PESQUERA VERAZ S.A.', '2021-10-30 20:33:34', 0),
(312, 'LACAR FISH S.A.', '30-69262340-8', 'LACAR FISH S.A.', '2021-10-30 20:33:34', 0),
(313, 'ARAMBURU PABLO DANIEL', '20-25898729-3', 'ARAMBURU PABLO DANIEL', '2021-10-30 20:33:34', 0),
(314, 'TANTERA SERGIO', '23-17797457-9', 'METROMADERAS', '2021-10-30 20:33:34', 0),
(315, 'RIPOLL, JESUS RICARDO', '20-23773117-5', 'RIPOLL HNOS', '2021-10-30 20:33:34', 0),
(316, 'LAR PLACAS Y MADERAS', '30-71403618-9', '#N/D', '2021-10-30 20:33:34', 0),
(318, 'CENTRAL BEBIDAS S.A.', '30-71052019-0', 'CENTRAL BEBIDAS', '2021-10-30 20:33:34', 0),
(319, 'RAKU S.A.', '30-70946274-8', 'RAKU S.A.', '2021-10-30 20:33:34', 0),
(320, 'COOP DE TRABAJO RUFER LTDA', '30-71183723-6', 'COOP DE TRABAJO RUFER LTDA', '2021-10-30 20:33:34', 0),
(321, 'PIANZOLA GABRIEL OMAR (LA ESPERANZA)', '20-23223495-5', 'LA ESPERANZA', '2021-10-30 20:33:34', 0),
(322, 'ALSINA 2478 S.A. (COSTA EDIFICIOS)', '30-71473706-2', 'COSTA EDIFICIOS', '2021-10-30 20:33:34', 0),
(323, 'MARMOLER?A MARCEILLAC S.R.L.', '30-67680049-9', 'MARMOLERIA MARCEILLAC', '2021-10-30 20:33:34', 0),
(324, 'PROMO FIESTA MDP S.R.L.', '30-70880555-2', 'PROMO FIESTA', '2021-10-30 20:33:34', 0),
(325, 'COOP. TELEFONICA CARLOS TEJEDOR', '30-57186858-6', 'COOP. TELEFONICA CARLOS TEJEDOR', '2021-10-30 20:33:34', 0),
(326, 'BARRAZA CLAUDIO GABRIEL', '20-14816482-5', '#N/D', '2021-10-30 20:33:34', 0),
(327, 'PESQUERA MAR CHIQUITA S.A.', '30-71523146-6', '#N/D', '2021-10-30 20:33:34', 0),
(328, 'TULLI HERMANOS S.A.', '30-50274664-9', 'TULLI HERMANOS S.A.', '2021-10-30 20:33:34', 0),
(329, 'LORENZINI MARCELO MARIO', '20-17503611-4', 'PARABRISAS MYG', '2021-10-30 20:33:34', 0),
(330, 'CAMPO Y FAENA S.A.', '30-71419121-7', '#N/D', '2021-10-30 20:33:34', 0),
(331, 'CHRISTIAN RAGNOLI', '20-24251173-6', 'CHISTRIAN RAGNOLI', '2021-10-30 20:33:34', 0),
(332, 'DURMIENTES DE HORMIGON ARGENTINA S.A. (DHASA)', '30-71250300-5', 'DHASA', '2021-10-30 20:33:34', 0),
(333, 'FABRICA FADON S.A.', '30-70959670-1', 'FABRICA FADON ', '2021-10-30 20:33:34', 0),
(334, 'INGENIERIA RONZA S.A.', '30-63987067-6', '#N/D', '2021-10-30 20:33:34', 0),
(335, 'CENTRO DE COMPRAS NUEVO GOLF S.A.', '30-71506396-0', 'CENTRO DE COMPRAS NUEVO GOLF', '2021-10-30 20:33:34', 0),
(336, 'MAR DEL PLATA TRANSERVICE S.R.L.', '33-69002180-9', 'MAR DEL PLATA TRANSERVICE', '2021-10-30 20:33:34', 0),
(337, 'DISTRIBUIDORA WALLY S.R.L.', '30-71453313-0', 'DISTRIBUIDORA WALLY S.R.L.', '2021-10-30 20:33:34', 0),
(338, 'FIORELLO LUCIANO GABRIEL (PIRKA STONE)', '20-35837067-6', 'PIRKA STONE', '2021-10-30 20:33:34', 0),
(339, 'VIALSA S.A.', '33-70874801-9', 'VIALSA S.A.', '2021-10-30 20:33:34', 0),
(340, 'AG?ERO INOCENCIA (GOMERIA LEMANS)', '23-25723928-4', 'GOMERIA LEMANS', '2021-10-30 20:33:34', 0),
(341, 'CONSCA S.A.', '30-63859423-0', 'CONSCA', '2021-10-30 20:33:34', 0),
(342, 'S.U.T.E.B.A.', '30-63010228-2', 'HOTEL S.U.T.E.B.A.', '2021-10-30 20:33:34', 0),
(343, 'GH CONSTRUCCIONES S.A.', '30-70863599-1', 'GH CONSTRUCCIONES S.A.', '2021-10-30 20:33:34', 0),
(344, 'DUGAS S.R.L.', '30-69001262-2', 'DUGAS S.R.L.', '2021-10-30 20:33:34', 0),
(345, 'T.J. MAXTRANS S.A. (TRANSPORTE SANTULLI)', '30-70915914-4', '#N/D', '2021-10-30 20:33:34', 0),
(346, 'INVERSIONES Y CONST CIVILES J.C. S.A.', '30-70972559-5', 'GRUPO F ARQUITECTURA', '2021-10-30 20:33:34', 0),
(347, 'AUTONET S.A.', '30-70300880-8', 'AUTONET S.A.', '2021-10-30 20:33:34', 0),
(348, 'CONSTRUCTORA VILLAGE DEL ATLANTICO S.R.L.', '30-71497383-1', 'CONST. VILLAGE DEL ATLANTICO', '2021-10-30 20:33:34', 0),
(349, 'GRAZIANI MARCELO AGUSTIN (TANO GRAZIANI)', '20-17503355-7', 'TANO GRAZIANI', '2021-10-30 20:33:34', 0),
(350, 'CLINICA PRIVADA PUEYRREDON', '30-54586859-4', 'CLINICA PUEYRREDON', '2021-10-30 20:33:34', 0),
(351, 'COOPERATIVA SAN MARCOS LTDA.', '30-67956731-0', 'COOPERATIVA SAN MARCOS', '2021-10-30 20:33:34', 0),
(352, 'ESTANCIA LOS ROBLES S.A.', '30-70859847-6', 'ESTANCIA LOS ROBLES S.A.', '2021-10-30 20:33:34', 0),
(353, 'ALEJANDRO J GARCIA Y CIA S.R.L.', '30-51607311-6', 'ALEJANDRO J GARCIA Y CIA', '2021-10-30 20:33:34', 0),
(354, 'PLUNIMAR S.A. (AQUARIUM)', '30-62329112-6', 'AQUARIUM ', '2021-10-30 20:33:34', 0),
(355, 'RED HOTELERA IBERO AMERICANA (COSTA GALANA BEACH)', '30-62653897-1', 'COSTA GALANA BEACH', '2021-10-30 20:33:34', 0),
(356, 'CONSTRUCCIONES ALGOL S.A.', '30-71165735-1', 'CONSTRUCCIONES ALGOL S.A.', '2021-10-30 20:33:34', 0),
(358, 'LUSEJO S.A.', '30-71107253-1', 'LUSEJO S.A.', '2021-10-30 20:33:34', 0),
(359, 'NARDULLI ANTONIO', '23-04389913-9', 'NARDULLI ANTONIO', '2021-10-30 20:33:34', 0),
(360, 'ATUNERAS ARGENTINAS S.A.', '30-71076324-7', 'ATUNERAS ARGENTINAS', '2021-10-30 20:33:34', 0),
(361, 'SUCESION DE MARCHAL JUAN H.', '20-05282548-3', 'JUAN H MARCHAL', '2021-10-30 20:33:34', 0),
(362, 'LUIS OSVALDO RUIZ', '20-16248141-0', 'MDR La Tapa', '2021-10-30 20:33:34', 0),
(363, 'CONSTITUCION 4871 S.R.L.', '30-71581746-9', 'TROMARCO', '2021-10-30 20:33:34', 0),
(364, 'DELYET S.A.', '30-62987503-0', 'DELYET', '2021-10-30 20:33:34', 0),
(365, 'CENTRALES DE LA COSTA ATL?NTICA S.A.', '30-70760809-5', 'CENTRAL 9 DE JULIO', '2021-10-30 20:33:34', 0),
(366, 'SINTECRIN S.R.L.', '30-71224548-0', 'SINTECRIN S.R.L.', '2021-10-30 20:33:34', 0),
(367, 'ELECTROLUKA TELECOMUNICACIONES SRL', '', '#N/D', '2021-10-30 20:33:34', 0),
(368, 'ASOCIACION FEDERAL DE INGRESOS P?BLICOS', '', '#N/D', '2021-10-30 20:33:34', 0),
(369, 'PM REFRIGERACION INDUSTRIAL S.A.', '', '#N/D', '2021-10-30 20:33:34', 0),
(370, 'ORPACH INGENIERIA', '', '#N/D', '2021-10-30 20:33:34', 0),
(371, 'EMPRENDIMIENTOS TERMINAL S.A. (PASEO ALDREY)', '', '#N/D', '2021-10-30 20:33:34', 0),
(372, 'CERVECERIA Y MALTER?A QUIMES S.A.C.I Y G', '', '#N/D', '2021-10-30 20:33:34', 0),
(373, 'GRINFIN S.A.', '', '#N/D', '2021-10-30 20:33:34', 0),
(374, 'SINDICATO DE EMPLEADOS DE COMERCIO MDP ZA', '', '#N/D', '2021-10-30 20:33:34', 0),
(375, 'LOS GALLEGOS MARTINEZ NAVARRO Y CIA S.A.', '30-50337277-7', 'SHOPPING LOS GALLEGOS', '2021-10-30 20:33:34', 0),
(376, 'DELPACK S.R.L.', '30-70856344-3', 'DELPACK S.R.L.', '2021-10-30 20:33:34', 0),
(377, 'ENVASES TERMICOS S.A.', '', '#N/D', '2021-10-30 20:33:34', 0),
(378, 'SUCESION DE SALAS EDGARDO M. (MARDELGOLD)', '20-12906375-1', 'MARDELGOLD', '2021-10-30 20:33:34', 0),
(379, 'NERVY S.A.', '30-71216435-9', 'NERVY S.A.', '2021-10-30 20:33:34', 0),
(380, 'LIYA S.A.', '30-68340999-1', 'BUQUE MIURA MARU', '2021-10-30 20:33:34', 0),
(381, 'SANTORO LUCIANO JESUS (ESTUMUEBLE)', '20-27099583-8', 'ESTUMUEBLE', '2021-10-30 20:33:34', 0),
(382, 'ALBERTO TACCHINI', '20-05322996-5', 'VIDRIERIA TACCHINI', '2021-10-30 20:33:34', 0),
(383, 'PALOMEQUE HERNAN ARIEL', '20-22285864-0', 'TALLER MONACO', '2021-10-30 20:33:34', 0),
(384, 'FISHING GROUND MDQ SRL', '33-71558233-9', 'FISHING GROUND MDQ S.R.L.', '2021-10-30 20:33:34', 0),
(385, 'COMAR AUTOMOTORES S.A.', '30-67680490-7', 'COMAR AUTOMOTORES S.A.', '2021-10-30 20:33:34', 0),
(386, 'PLAYA BOCA DEL TORO S.A.', '33-71510750-9', 'BOCAS DEL TORO', '2021-10-30 20:33:34', 0),
(387, 'PEREZ RIVERA E HIJOS S.R.L.', '', '#N/D', '2021-10-30 20:33:34', 0),
(388, 'PLAYAS DEL VESUBIO SRL', '30-70903030-9', 'PARADOR EL TAINO', '2021-10-30 20:33:34', 0),
(389, 'EL VIENTO LOS AMONTONA SRL (MUTE CLUB DE MAR)', '30-70940200-1', 'MUTE CLUB DE MAR', '2021-10-30 20:33:34', 0),
(390, 'CENTRO HIPICO GENERAL PUEYRREDON (CLUB HIPICO)', '30-71221806-8', 'CLUB HIPICO GRAL PUEYRREDON', '2021-10-30 20:33:34', 0),
(391, 'CALICO S.A. (CALICO)', '33-59668367-9', 'CALICO S.A.', '2021-10-30 20:33:34', 0),
(392, 'FERRARI RAUL (VIEJO POP)', '', '#N/D', '2021-10-30 20:33:34', 0),
(393, 'ENSALADERA DE PLATA SA (LA CARPA)', '30-71546683-6', 'LA CARPA', '2021-10-30 20:33:34', 0),
(394, 'BURG S.A. (BURGWAGEN)', '30-70988854-0', 'BURGWAGEN', '2021-10-30 20:33:34', 0),
(395, 'SUNNY BEACH S.A. (SAMSARA BEACH)', '30-71666637-5', 'SAMSARA BEACH', '2021-10-30 20:33:34', 0),
(396, 'PLACAS Y MADERAS S.A. (ALI PLACAS Y HERRAJES)', '30-70875762-0', 'ALI PLACAS Y HERRAJES', '2021-10-30 20:33:34', 0),
(397, 'CAMBARERI, SERGIO SERAFIN (EL CAMBA - CONTESOL)', '30-70759266-0', 'CIAGESER', '2021-10-30 20:33:34', 0),
(398, 'RESIDENCIAS COOPERATIVAS DE TURISMO', '30-57566090-4', 'RCT CLUB VACACIONAL Y SPA', '2021-10-30 20:33:34', 0),
(399, 'DEMOLICIONES MITRE S.R.L.', '30-65753655-1', 'GRUPO MITRE', '2021-10-30 20:33:34', 0),
(400, 'CAMBARERI, DANIEL RICARDO (ROMA)', '20-30025075-1', 'ROMA CONTENEDORES', '2021-10-30 20:33:34', 0),
(401, 'HIELO DEYACOBI S.A.', '30-71097394-2', 'LA FABRICA DE HIELO', '2021-10-30 20:33:34', 0),
(402, 'DANIL GURDAMAGNA Y LILIAN GUARDAMAGNA S.H.', '30-71440917-0', 'DAL? TERMOPL?STICOS', '2021-10-30 20:33:34', 0),
(403, 'HARAS SANTA MARIA DEL MAR S.A.', '30-71215743-3', 'HARAS SANTA MARIA DEL MAR S.A.', '2021-10-30 20:33:34', 0),
(404, 'MF S.A.', '30-60413198-3', 'MF S.A.', '2021-10-30 20:33:34', 0),
(405, 'ORELLANA GLADYS CRISTINA', '27-22452116-8', 'ORELLANA GLADYS CRISTINA', '2021-10-30 20:33:34', 0),
(410, 'ARCOR SAIC', '30-50279317-5', 'LA CAMPAGNOLA', '2021-10-30 20:33:34', 0),
(411, 'MARDELCONT S.A.', '30-71010564-9', 'MARDELCONT', '2021-10-30 20:33:34', 0);

-- --------------------------------------------------------

--
-- Estructura de tabla para la tabla `generadores_residuos`
--

CREATE TABLE `generadores_residuos` (
  `id` int(100) NOT NULL,
  `id_generador` int(100) NOT NULL,
  `id_residuo` int(100) NOT NULL,
  `activo` int(2) NOT NULL DEFAULT 0,
  `f_creacion` datetime NOT NULL DEFAULT current_timestamp()
) ENGINE=InnoDB DEFAULT CHARSET=utf8mb4;

-- --------------------------------------------------------

--
-- Estructura de tabla para la tabla `pesajes`
--

CREATE TABLE `pesajes` (
  `id` int(100) NOT NULL,
  `id_generador` int(100) NOT NULL,
  `id_residuo` int(100) NOT NULL,
  `id_transportista` int(100) NOT NULL,
  `id_camion` int(100) NOT NULL,
  `id_destino` int(100) NOT NULL,
  `pesaje` double NOT NULL,
  `f_creacion` datetime NOT NULL DEFAULT current_timestamp(),
  `id_usuario` int(100) NOT NULL,
  `activo` int(2) NOT NULL DEFAULT 0
) ENGINE=InnoDB DEFAULT CHARSET=utf8mb4;

-- --------------------------------------------------------

--
-- Estructura de tabla para la tabla `residuos`
--

CREATE TABLE `residuos` (
  `id` int(100) NOT NULL,
  `residuo` varchar(250) NOT NULL,
  `activo` int(2) NOT NULL DEFAULT 0,
  `f_creacion` datetime NOT NULL DEFAULT current_timestamp()
) ENGINE=InnoDB DEFAULT CHARSET=utf8mb4;

--
-- Volcado de datos para la tabla `residuos`
--

INSERT INTO `residuos` (`id`, `residuo`, `activo`, `f_creacion`) VALUES
(1, 'áridos', 0, '2021-10-30 21:00:43'),
(2, 'líquidos', 0, '2021-10-30 21:00:45');

-- --------------------------------------------------------

--
-- Estructura de tabla para la tabla `transportistas`
--

CREATE TABLE `transportistas` (
  `id` int(100) NOT NULL,
  `codigo` int(100) NOT NULL,
  `empresa` varchar(250) NOT NULL,
  `nombre_fantasia` varchar(250) NOT NULL,
  `cuit` varchar(100) NOT NULL,
  `activo` int(2) NOT NULL DEFAULT 0,
  `f_creacion` datetime NOT NULL DEFAULT current_timestamp()
) ENGINE=InnoDB DEFAULT CHARSET=utf8mb4;

--
-- Volcado de datos para la tabla `transportistas`
--

INSERT INTO `transportistas` (`id`, `codigo`, `empresa`, `nombre_fantasia`, `cuit`, `activo`, `f_creacion`) VALUES
(1, 50001, 'TRANSPORTES 9 DE JULIO S.A.', 'TRANSPORTES NUEVE DE JULIO', '0', 0, '2021-10-30 20:36:02'),
(2, 50017, 'MONDINO, NICOLAS SERGIO', 'NICO', '20-30228955-8', 0, '2021-10-30 20:36:02'),
(3, 50022, 'GUZMAN, MARIO ADOLFO Y OTROS', 'CONTEMAR', '20-08702544-7', 0, '2021-10-30 20:36:02'),
(4, 50031, 'ALARCON, RUBEN IGNACIO', 'CONTER - FRAWEN', '23-24251803-9', 0, '2021-10-30 20:36:02'),
(5, 50008, 'DE SIMONE, RAFAEL ALBERTO', 'CONTE-RAF', '20-24468227-9', 0, '2021-10-30 20:36:02'),
(6, 50020, 'CAMBARERI, SERGIO SERAFIN', 'CONTESOL', '20-23971544-4', 0, '2021-10-30 20:36:02'),
(7, 50012, 'RESICONT S.A.', 'RESICONT', '30-71528156-9', 0, '2021-10-30 20:36:02'),
(8, 50033, 'D?ONOFRIO, CARLOS ARTURO', 'D?ONOFRIO', '20-07637991-3', 0, '2021-10-30 20:36:02'),
(9, 50041, 'VILLALBA, BRUNO RUBEN', 'VILLALBA/EL JARDIN', '20-37719484-6', 0, '2021-10-30 20:36:02'),
(10, 50032, 'PALANDRI, NANCY LUJAN', 'EL VASCO', '27-27830805-2', 0, '2021-10-30 20:36:02'),
(11, 50023, 'BERNABEU, SONIA', 'LA LUJANERA', '27-18704760-4', 0, '2021-10-30 20:36:02'),
(12, 50021, 'MILANESE, GABRIEL', 'PORTE', '20-13326152-5', 0, '2021-10-30 20:36:02'),
(13, 50003, 'TRANSPORTE RODEL S.R.L.', 'RODEL', '33-64873488-9', 0, '2021-10-30 20:36:02'),
(14, 50036, 'PERSIC, RUBEN', 'RUBEN', '20-17223102-1', 0, '2021-10-30 20:36:02'),
(15, 50006, 'CAMBARERI, DANIEL', 'ROMA', '20-30025075-1', 0, '2021-10-30 20:36:02'),
(16, 50013, 'BADOZA, MARIO IGNACIO', 'LUPIN', '20-27418989-5', 0, '2021-10-30 20:36:02'),
(17, 50030, 'HERNANDEZ, LUCAS MARCELO', 'HL', '20-29257912-9', 0, '2021-10-30 20:36:02'),
(18, 50019, 'RADETICH, ESTEBAN', 'ANITA', '20-22341749-4', 0, '2021-10-30 20:36:02'),
(19, 50016, 'SOSA, WALTER ARIEL', 'WAS', '20-21760057-0', 0, '2021-10-30 20:36:02'),
(20, 50029, 'SALGADO HNOS S.R.L.', 'SALGADO', '30-63647613-3', 0, '2021-10-30 20:36:02'),
(21, 50024, 'CIAGESER S.A.', 'CIAGESER', '30-70759266-0', 0, '2021-10-30 20:36:02'),
(22, 50034, 'MONTES DE OCA, JORGE HORACIO', 'MDO', '20-31476885-0', 0, '2021-10-30 20:36:02'),
(23, 500201, 'CAMBARERI, SERGIO SERAFIN', 'EL CAMBA', '0', 0, '2021-10-30 20:36:02'),
(24, 50042, 'MARTIN, ENRIQUE LUIS', 'EL RUSO', '20-32791582-8', 0, '2021-10-30 20:36:02'),
(25, 50015, 'ZALAZAR, CARLOS MARTIN', 'CLAU-MAR', '20-23970527-9', 0, '2021-10-30 20:36:02'),
(26, 50010, 'ALMONACID, RICARDO ANDRES', 'MOROCCO', '20-27873243-7', 0, '2021-10-30 20:36:02'),
(27, 50045, 'GOYCOECHEA, PATRICIO ALFREDO', 'PILU', '20-27508487-6', 0, '2021-10-30 20:36:02'),
(28, 50035, 'BERTELLO E HIJOS SRL', 'BERTELLO E HIJOS', '30-71550782-6', 0, '2021-10-30 20:36:02'),
(29, 50056, 'GALEANO, EMILIO ALFREDO', 'CONTEMAI', '20-23289829-2', 0, '2021-10-30 20:36:02'),
(30, 50040, 'YAROSSI, GRACIELA HAYDEE', 'EL NEGRO', '27-13879440-2', 0, '2021-10-30 20:36:02'),
(31, 50011, 'PEREZ, SILVIO ANDRES', 'TRANSPORTES PEREZ', '23-21760178-9', 0, '2021-10-30 20:36:02'),
(32, 50025, 'TRANSPORTES MALVINAS S.R.L.', 'TRANSPORTES MALVINAS', '33-56045626-9', 0, '2021-10-30 20:36:02'),
(33, 50027, 'VISONES SANTA CATALINA S.R.L.', 'SANTA CATALINA', '30-70838883-8', 0, '2021-10-30 20:36:02'),
(34, 50026, 'MONACCHI, ANTONIO IGNACIO', 'MONACCHI PAISAJISTA', '20-17018447-6', 0, '2021-10-30 20:36:02'),
(35, 50028, 'VILLA, TOMAS SANTIAGO ZENON', 'TRANSPORTE COSTA SUR', '20-26107237-9', 0, '2021-10-30 20:36:02'),
(36, 50018, 'BETTIN, ROLANDO Y BETTIN, FERNANDO ARIEL S.H.', 'BETTIN EXCAVACIONES', '30-71049494-7', 0, '2021-10-30 20:36:02'),
(37, 50014, 'GONZALEZ, CARLOS CHRISTIAN', 'TRANSPORTE CRIS Y CRIS', '23-22007071-9', 0, '2021-10-30 20:36:02'),
(38, 50048, 'STACH, ERNESTO', 'TRANSPORTE STACH', '20-10262003-9', 0, '2021-10-30 20:36:02'),
(39, 10086, 'SISTEMAS AMBIENTALES S.A.', 'SISTEMAS AMBIENTALES', '0', 0, '2021-10-30 20:36:02'),
(40, 10223, 'LUCRINO MARE S.A.', 'EL REY DE LAS RABAS', '0', 0, '2021-10-30 20:36:02'),
(41, 10153, 'MUNICIPALIDAD DE MAR CHIQUITA', 'MUNICIPALIDAD DE MARCHIQUITA', '0', 0, '2021-10-30 20:36:02'),
(42, 50043, 'VALL?S, RAUL RICARDO', 'TRANSPORTE VALLES', '20-23479746-9', 0, '2021-10-30 20:36:02'),
(43, 10095, 'SUPERMERCADO TOLEDO S.A.', 'TOLEDO', '0', 0, '2021-10-30 20:36:02'),
(44, 50037, 'CASCO, ROBERTO CARLOS', 'FLETE JOVAL', '20-24539970-8', 0, '2021-10-30 20:36:02'),
(45, 10025, 'AQV AMBIENTAL', 'AQV', '0', 0, '2021-10-30 20:36:02'),
(46, 10051, 'ELAS S.R.L', 'GENERADOR RSU', '0', 0, '2021-10-30 20:36:02'),
(47, 10256, 'RACO MARIANO OMAR', 'GENERADOR RSU', '0', 0, '2021-10-30 20:36:02'),
(48, 10059, 'FESCAP S.A.', 'GENERADOR RSU', '0', 0, '2021-10-30 20:36:02'),
(49, 10232, 'LA ITALO ARGENTINA S.C.A.', 'GENERADOR RSU', '0', 0, '2021-10-30 20:36:02'),
(50, 50038, 'DIEZ, CESAR GUSTAVO', 'JOVAL', '20-24539533-8', 0, '2021-10-30 20:36:02'),
(51, 50039, 'AMBIENTALEX S.A.', 'AMBIENTALEX', '30-71071559-5', 0, '2021-10-30 20:36:02'),
(52, 10082, 'PROMO FIESTA MDP S.R.L.', 'GENERADOR RSU', '0', 0, '2021-10-30 20:36:02'),
(53, 50044, 'LOFFAR LOGISTICS S.R.L.', 'LOFFAR LOGISTICA', '30-70789925-1', 0, '2021-10-30 20:36:02'),
(54, 10196, 'DEP?SITO JUNCAL S.A.', 'GENERADOR RSU', '0', 0, '2021-10-30 20:36:02'),
(55, 50047, 'ASOC. VEC. DE FOMENTO BARRIO CERRITO Y SAN SALV', 'SOCIEDAD DE FOMENTO CERRITO SUR', '30-55658759-7', 0, '2021-10-30 20:36:02'),
(56, 50049, 'MF S.A.', 'TRANSPORTE MF', '30-60413198-3', 0, '2021-10-30 20:36:02'),
(57, 50050, 'UPTON, LEONARDO ENRIQUE', 'LEON CONT', '20-26728719-9', 0, '2021-10-30 20:36:02'),
(58, 50051, 'GOYCOECHEA, PATRICIO ALBERTO', 'PATRI', '20-12097130-2', 0, '2021-10-30 20:36:02'),
(59, 50052, 'PIANZOLA, MARIA LORENA', 'YASMIN', '27-18877525-5', 0, '2021-10-30 20:36:02'),
(60, 50059, 'BATTAGLIA CRISTIAN MARTIN', 'TRANSPORTE LOS PIRUCHOS', '20-26056858-3', 0, '2021-10-30 20:36:02'),
(61, 50058, 'BORNAO SANDRA PATRICIA', 'TRANSPORTE EL TURCO', '27-17132364-4', 0, '2021-10-30 20:36:02'),
(62, 50054, 'MORETTI, JOSE HIPOLITO', 'TRANSPORTE SAN JOSE', '23-14909422-9', 0, '2021-10-30 20:36:02'),
(63, 50055, 'PASCAL, WALTER', 'TRANSPORTE PASCAL', '20-20752685-2', 0, '2021-10-30 20:36:02'),
(64, 50062, 'GILARDI, WALTER ANTONIO', 'LOS SHILAS', '20-34344639-0', 0, '2021-10-30 20:36:02'),
(65, 50063, 'GUERRERO MARIA DE LOS ?NGELES', 'GARDEL', '27-37236782-8', 0, '2021-10-30 20:36:02'),
(66, 50064, 'MARDELCONT S.A.', 'MARDELCONT', '30-71010564-9', 0, '2021-10-30 20:36:02'),
(67, 50065, 'CIASCA, GUSTAVO MARIO', 'MARIO', '20-17017840-9', 0, '2021-10-30 20:36:02'),
(68, 50066, 'DE MATTEO DIEGO CARLOS LUIS', 'SAN PATRICIO', '0', 0, '2021-10-30 20:36:02'),
(69, 50053, 'ORTALLI, SERGIO BERNARDO', 'TRANSPORTE ORTALLI', '20-22522733-1', 0, '2021-10-30 20:36:02'),
(70, 50057, 'AMADO, LUIS ALBERTO', 'TRANSPORTE AMADO', '20-10528680-6', 0, '2021-10-30 20:36:02'),
(71, 50061, 'RABAZZA, CARLOS ROBERTO', 'TRANSPORTE CARLOS', '20-17047386-9', 0, '2021-10-30 20:36:02'),
(72, 10024, '14 DE JULIO S.A.', 'GENERADOR RSU', '0', 0, '2021-10-30 20:36:02'),
(73, 10028, 'BALI?A ANGEL PABLO', 'GENERADOR RSU', '0', 0, '2021-10-30 20:36:02'),
(74, 10057, 'EMPRESA DISTRIBUIDORA DE ENERG?A ATL?NTICA S.A.', 'GENERADOR RSU', '0', 0, '2021-10-30 20:36:02'),
(75, 10079, 'PEPSICO DE ARGENTINA S.R.L.', 'GENERADOR RSU', '0', 0, '2021-10-30 20:36:02'),
(76, 10162, 'GOMERIA ALBERTI', 'GENERADOR RSU', '0', 0, '2021-10-30 20:36:02'),
(77, 10164, 'TODO NEUMATICO S.R.L.', 'GENERADOR RSU', '0', 0, '2021-10-30 20:36:02'),
(78, 10182, 'NEUMATICOS INDEPENDENCIA S.R.L.', 'GENERADOR RSU', '0', 0, '2021-10-30 20:36:02'),
(79, 10206, 'QUINTEROS MARIO GERMAN', 'GENERADOR RSU', '0', 0, '2021-10-30 20:36:02'),
(80, 10242, 'RIPOLL, JESUS RICARDO', 'GENERADOR RSU', '0', 0, '2021-10-30 20:36:02'),
(81, 10245, 'TANTERA SERGIO', 'GENERADOR RSU', '0', 0, '2021-10-30 20:36:02'),
(82, 10246, 'DESECHOS TECNOLOGICOS S.R.L.', 'GENERADOR RSU', '0', 0, '2021-10-30 20:36:02'),
(83, 10250, 'ASOC CIV.PEQ.OBRA DE LA DIV.PROV. HOGAR DON ORIONE', 'GENERADOR RSU', '0', 0, '2021-10-30 20:36:02'),
(84, 10274, 'AG?ERO INOCENCIA', 'GENERADOR RSU', '0', 0, '2021-10-30 20:36:02'),
(85, 10284, 'MAR DEL PLATA TRANSERVICE S.R.L.', 'GENERADOR RSU', '0', 0, '2021-10-30 20:36:02'),
(86, 10286, 'COOPERATIVA SAN MARCOS', 'GENERADOR RSU', '0', 0, '2021-10-30 20:36:02'),
(87, 10305, 'DELYET S.A.', 'GENERADOR RSU', '0', 0, '2021-10-30 20:36:02'),
(88, 10320, 'NERVY S.A.', 'GENERADOR RSU', '0', 0, '2021-10-30 20:36:02'),
(89, 10322, 'SANTORO LUCIANO JESUS', 'GENERADOR RSU', '0', 0, '2021-10-30 20:36:02'),
(90, 10309, 'ADMINISTRACION FEDERAL DE INGRESOS PUBLICOS', 'GENERADOR RSU', '0', 0, '2021-10-30 20:36:02'),
(91, 10347, 'APOLO FISH S.A.', 'GENERADOR RSU', '0', 0, '2021-10-30 20:36:02'),
(92, 10297, 'EMSUR', 'EQUIPOS OFICIALES', '0', 0, '2021-10-30 20:36:02');

--
-- Índices para tablas volcadas
--

--
-- Indices de la tabla `auth_group`
--
ALTER TABLE `auth_group`
  ADD PRIMARY KEY (`id`),
  ADD UNIQUE KEY `name` (`name`);

--
-- Indices de la tabla `auth_group_permissions`
--
ALTER TABLE `auth_group_permissions`
  ADD PRIMARY KEY (`id`),
  ADD UNIQUE KEY `auth_group_permissions_group_id_permission_id_0cd325b0_uniq` (`group_id`,`permission_id`),
  ADD KEY `auth_group_permissio_permission_id_84c5c92e_fk_auth_perm` (`permission_id`);

--
-- Indices de la tabla `auth_permission`
--
ALTER TABLE `auth_permission`
  ADD PRIMARY KEY (`id`),
  ADD UNIQUE KEY `auth_permission_content_type_id_codename_01ab375a_uniq` (`content_type_id`,`codename`);

--
-- Indices de la tabla `auth_user`
--
ALTER TABLE `auth_user`
  ADD PRIMARY KEY (`id`),
  ADD UNIQUE KEY `username` (`username`);

--
-- Indices de la tabla `auth_user_groups`
--
ALTER TABLE `auth_user_groups`
  ADD PRIMARY KEY (`id`),
  ADD UNIQUE KEY `auth_user_groups_user_id_group_id_94350c0c_uniq` (`user_id`,`group_id`),
  ADD KEY `auth_user_groups_group_id_97559544_fk_auth_group_id` (`group_id`);

--
-- Indices de la tabla `auth_user_user_permissions`
--
ALTER TABLE `auth_user_user_permissions`
  ADD PRIMARY KEY (`id`),
  ADD UNIQUE KEY `auth_user_user_permissions_user_id_permission_id_14a6b632_uniq` (`user_id`,`permission_id`),
  ADD KEY `auth_user_user_permi_permission_id_1fbb5f2c_fk_auth_perm` (`permission_id`);

--
-- Indices de la tabla `camiones`
--
ALTER TABLE `camiones`
  ADD PRIMARY KEY (`id`);

--
-- Indices de la tabla `destinos`
--
ALTER TABLE `destinos`
  ADD PRIMARY KEY (`id`);

--
-- Indices de la tabla `django_admin_log`
--
ALTER TABLE `django_admin_log`
  ADD PRIMARY KEY (`id`),
  ADD KEY `django_admin_log_content_type_id_c4bce8eb_fk_django_co` (`content_type_id`),
  ADD KEY `django_admin_log_user_id_c564eba6_fk_auth_user_id` (`user_id`);

--
-- Indices de la tabla `django_content_type`
--
ALTER TABLE `django_content_type`
  ADD PRIMARY KEY (`id`),
  ADD UNIQUE KEY `django_content_type_app_label_model_76bd3d3b_uniq` (`app_label`,`model`);

--
-- Indices de la tabla `django_migrations`
--
ALTER TABLE `django_migrations`
  ADD PRIMARY KEY (`id`);

--
-- Indices de la tabla `django_session`
--
ALTER TABLE `django_session`
  ADD PRIMARY KEY (`session_key`),
  ADD KEY `django_session_expire_date_a5c62663` (`expire_date`);

--
-- Indices de la tabla `generadores`
--
ALTER TABLE `generadores`
  ADD PRIMARY KEY (`id`);

--
-- Indices de la tabla `generadores_residuos`
--
ALTER TABLE `generadores_residuos`
  ADD PRIMARY KEY (`id`);

--
-- Indices de la tabla `pesajes`
--
ALTER TABLE `pesajes`
  ADD PRIMARY KEY (`id`);

--
-- Indices de la tabla `residuos`
--
ALTER TABLE `residuos`
  ADD PRIMARY KEY (`id`);

--
-- Indices de la tabla `transportistas`
--
ALTER TABLE `transportistas`
  ADD PRIMARY KEY (`id`);

--
-- AUTO_INCREMENT de las tablas volcadas
--

--
-- AUTO_INCREMENT de la tabla `auth_group`
--
ALTER TABLE `auth_group`
  MODIFY `id` int(11) NOT NULL AUTO_INCREMENT;

--
-- AUTO_INCREMENT de la tabla `auth_group_permissions`
--
ALTER TABLE `auth_group_permissions`
  MODIFY `id` int(11) NOT NULL AUTO_INCREMENT;

--
-- AUTO_INCREMENT de la tabla `auth_permission`
--
ALTER TABLE `auth_permission`
  MODIFY `id` int(11) NOT NULL AUTO_INCREMENT, AUTO_INCREMENT=25;

--
-- AUTO_INCREMENT de la tabla `auth_user`
--
ALTER TABLE `auth_user`
  MODIFY `id` int(11) NOT NULL AUTO_INCREMENT;

--
-- AUTO_INCREMENT de la tabla `auth_user_groups`
--
ALTER TABLE `auth_user_groups`
  MODIFY `id` int(11) NOT NULL AUTO_INCREMENT;

--
-- AUTO_INCREMENT de la tabla `auth_user_user_permissions`
--
ALTER TABLE `auth_user_user_permissions`
  MODIFY `id` int(11) NOT NULL AUTO_INCREMENT;

--
-- AUTO_INCREMENT de la tabla `camiones`
--
ALTER TABLE `camiones`
  MODIFY `id` int(100) NOT NULL AUTO_INCREMENT, AUTO_INCREMENT=314;

--
-- AUTO_INCREMENT de la tabla `destinos`
--
ALTER TABLE `destinos`
  MODIFY `id` int(100) NOT NULL AUTO_INCREMENT, AUTO_INCREMENT=5;

--
-- AUTO_INCREMENT de la tabla `django_admin_log`
--
ALTER TABLE `django_admin_log`
  MODIFY `id` int(11) NOT NULL AUTO_INCREMENT;

--
-- AUTO_INCREMENT de la tabla `django_content_type`
--
ALTER TABLE `django_content_type`
  MODIFY `id` int(11) NOT NULL AUTO_INCREMENT, AUTO_INCREMENT=7;

--
-- AUTO_INCREMENT de la tabla `django_migrations`
--
ALTER TABLE `django_migrations`
  MODIFY `id` int(11) NOT NULL AUTO_INCREMENT, AUTO_INCREMENT=18;

--
-- AUTO_INCREMENT de la tabla `generadores`
--
ALTER TABLE `generadores`
  MODIFY `id` int(100) NOT NULL AUTO_INCREMENT, AUTO_INCREMENT=412;

--
-- AUTO_INCREMENT de la tabla `generadores_residuos`
--
ALTER TABLE `generadores_residuos`
  MODIFY `id` int(100) NOT NULL AUTO_INCREMENT;

--
-- AUTO_INCREMENT de la tabla `pesajes`
--
ALTER TABLE `pesajes`
  MODIFY `id` int(100) NOT NULL AUTO_INCREMENT;

--
-- AUTO_INCREMENT de la tabla `residuos`
--
ALTER TABLE `residuos`
  MODIFY `id` int(100) NOT NULL AUTO_INCREMENT, AUTO_INCREMENT=3;

--
-- AUTO_INCREMENT de la tabla `transportistas`
--
ALTER TABLE `transportistas`
  MODIFY `id` int(100) NOT NULL AUTO_INCREMENT, AUTO_INCREMENT=93;

--
-- Restricciones para tablas volcadas
--

--
-- Filtros para la tabla `auth_group_permissions`
--
ALTER TABLE `auth_group_permissions`
  ADD CONSTRAINT `auth_group_permissio_permission_id_84c5c92e_fk_auth_perm` FOREIGN KEY (`permission_id`) REFERENCES `auth_permission` (`id`),
  ADD CONSTRAINT `auth_group_permissions_group_id_b120cbf9_fk_auth_group_id` FOREIGN KEY (`group_id`) REFERENCES `auth_group` (`id`);

--
-- Filtros para la tabla `auth_permission`
--
ALTER TABLE `auth_permission`
  ADD CONSTRAINT `auth_permission_content_type_id_2f476e4b_fk_django_co` FOREIGN KEY (`content_type_id`) REFERENCES `django_content_type` (`id`);

--
-- Filtros para la tabla `auth_user_groups`
--
ALTER TABLE `auth_user_groups`
  ADD CONSTRAINT `auth_user_groups_group_id_97559544_fk_auth_group_id` FOREIGN KEY (`group_id`) REFERENCES `auth_group` (`id`),
  ADD CONSTRAINT `auth_user_groups_user_id_6a12ed8b_fk_auth_user_id` FOREIGN KEY (`user_id`) REFERENCES `auth_user` (`id`);

--
-- Filtros para la tabla `auth_user_user_permissions`
--
ALTER TABLE `auth_user_user_permissions`
  ADD CONSTRAINT `auth_user_user_permi_permission_id_1fbb5f2c_fk_auth_perm` FOREIGN KEY (`permission_id`) REFERENCES `auth_permission` (`id`),
  ADD CONSTRAINT `auth_user_user_permissions_user_id_a95ead1b_fk_auth_user_id` FOREIGN KEY (`user_id`) REFERENCES `auth_user` (`id`);

--
-- Filtros para la tabla `django_admin_log`
--
ALTER TABLE `django_admin_log`
  ADD CONSTRAINT `django_admin_log_content_type_id_c4bce8eb_fk_django_co` FOREIGN KEY (`content_type_id`) REFERENCES `django_content_type` (`id`),
  ADD CONSTRAINT `django_admin_log_user_id_c564eba6_fk_auth_user_id` FOREIGN KEY (`user_id`) REFERENCES `auth_user` (`id`);
COMMIT;

/*!40101 SET CHARACTER_SET_CLIENT=@OLD_CHARACTER_SET_CLIENT */;
/*!40101 SET CHARACTER_SET_RESULTS=@OLD_CHARACTER_SET_RESULTS */;
/*!40101 SET COLLATION_CONNECTION=@OLD_COLLATION_CONNECTION */;
