DROP DATABASE IF EXISTS bascula;
CREATE DATABASE bascula;
USE bascula;

CREATE TABLE IF NOT EXISTS `bascula`.`auth_group` (
  `id` INT NOT NULL AUTO_INCREMENT,
  `name` VARCHAR(150) NOT NULL,
  PRIMARY KEY (`id`),
  UNIQUE INDEX `name` (`name` ASC) VISIBLE);

CREATE TABLE IF NOT EXISTS `bascula`.`django_content_type` (
  `id` INT NOT NULL AUTO_INCREMENT,
  `app_label` VARCHAR(100) NOT NULL,
  `model` VARCHAR(100) NOT NULL,
  PRIMARY KEY (`id`),
  UNIQUE INDEX `django_content_type_app_label_model_76bd3d3b_uniq` (`app_label` ASC, `model` ASC) VISIBLE);

CREATE TABLE IF NOT EXISTS `bascula`.`auth_permission` (
  `id` INT NOT NULL AUTO_INCREMENT,
  `name` VARCHAR(255) NOT NULL,
  `content_type_id` INT NOT NULL,
  `codename` VARCHAR(100) NOT NULL,
  PRIMARY KEY (`id`),
  UNIQUE INDEX `auth_permission_content_type_id_codename_01ab375a_uniq` (`content_type_id` ASC, `codename` ASC) VISIBLE,
  CONSTRAINT `auth_permission_content_type_id_2f476e4b_fk_django_co`
    FOREIGN KEY (`content_type_id`)
    REFERENCES `bascula`.`django_content_type` (`id`));

CREATE TABLE IF NOT EXISTS `bascula`.`auth_group_permissions` (
  `id` BIGINT NOT NULL AUTO_INCREMENT,
  `group_id` INT NOT NULL,
  `permission_id` INT NOT NULL,
  PRIMARY KEY (`id`),
  UNIQUE INDEX `auth_group_permissions_group_id_permission_id_0cd325b0_uniq` (`group_id` ASC, `permission_id` ASC) VISIBLE,
  INDEX `auth_group_permissio_permission_id_84c5c92e_fk_auth_perm` (`permission_id` ASC) VISIBLE,
  CONSTRAINT `auth_group_permissio_permission_id_84c5c92e_fk_auth_perm`
    FOREIGN KEY (`permission_id`)
    REFERENCES `bascula`.`auth_permission` (`id`),
  CONSTRAINT `auth_group_permissions_group_id_b120cbf9_fk_auth_group_id`
    FOREIGN KEY (`group_id`)
    REFERENCES `bascula`.`auth_group` (`id`));

CREATE TABLE IF NOT EXISTS `bascula`.`auth_user` (
  `id` INT NOT NULL AUTO_INCREMENT,
  `password` VARCHAR(128) NOT NULL,
  `last_login` DATETIME(6) NULL DEFAULT NULL,
  `is_superuser` TINYINT(1) NOT NULL,
  `username` VARCHAR(150) NOT NULL,
  `first_name` VARCHAR(150) NOT NULL,
  `last_name` VARCHAR(150) NOT NULL,
  `email` VARCHAR(254) NOT NULL,
  `is_staff` TINYINT(1) NOT NULL,
  `is_active` TINYINT(1) NOT NULL,
  `date_joined` DATETIME(6) NOT NULL,
  PRIMARY KEY (`id`),
  UNIQUE INDEX `username` (`username` ASC) VISIBLE);

CREATE TABLE IF NOT EXISTS `bascula`.`auth_user_groups` (
  `id` BIGINT NOT NULL AUTO_INCREMENT,
  `user_id` INT NOT NULL,
  `group_id` INT NOT NULL,
  PRIMARY KEY (`id`),
  UNIQUE INDEX `auth_user_groups_user_id_group_id_94350c0c_uniq` (`user_id` ASC, `group_id` ASC) VISIBLE,
  INDEX `auth_user_groups_group_id_97559544_fk_auth_group_id` (`group_id` ASC) VISIBLE,
  CONSTRAINT `auth_user_groups_group_id_97559544_fk_auth_group_id`
    FOREIGN KEY (`group_id`)
    REFERENCES `bascula`.`auth_group` (`id`),
  CONSTRAINT `auth_user_groups_user_id_6a12ed8b_fk_auth_user_id`
    FOREIGN KEY (`user_id`)
    REFERENCES `bascula`.`auth_user` (`id`));

CREATE TABLE IF NOT EXISTS `bascula`.`auth_user_user_permissions` (
  `id` BIGINT NOT NULL AUTO_INCREMENT,
  `user_id` INT NOT NULL,
  `permission_id` INT NOT NULL,
  PRIMARY KEY (`id`),
  UNIQUE INDEX `auth_user_user_permissions_user_id_permission_id_14a6b632_uniq` (`user_id` ASC, `permission_id` ASC) VISIBLE,
  INDEX `auth_user_user_permi_permission_id_1fbb5f2c_fk_auth_perm` (`permission_id` ASC) VISIBLE,
  CONSTRAINT `auth_user_user_permi_permission_id_1fbb5f2c_fk_auth_perm`
    FOREIGN KEY (`permission_id`)
    REFERENCES `bascula`.`auth_permission` (`id`),
  CONSTRAINT `auth_user_user_permissions_user_id_a95ead1b_fk_auth_user_id`
    FOREIGN KEY (`user_id`)
    REFERENCES `bascula`.`auth_user` (`id`));

CREATE TABLE IF NOT EXISTS `bascula`.`django_admin_log` (
  `id` INT NOT NULL AUTO_INCREMENT,
  `action_time` DATETIME(6) NOT NULL,
  `object_id` LONGTEXT NULL DEFAULT NULL,
  `object_repr` VARCHAR(200) NOT NULL,
  `action_flag` SMALLINT UNSIGNED NOT NULL,
  `change_message` LONGTEXT NOT NULL,
  `content_type_id` INT NULL DEFAULT NULL,
  `user_id` INT NOT NULL,
  PRIMARY KEY (`id`),
  INDEX `django_admin_log_content_type_id_c4bce8eb_fk_django_co` (`content_type_id` ASC) VISIBLE,
  INDEX `django_admin_log_user_id_c564eba6_fk_auth_user_id` (`user_id` ASC) VISIBLE,
  CONSTRAINT `django_admin_log_content_type_id_c4bce8eb_fk_django_co`
    FOREIGN KEY (`content_type_id`)
    REFERENCES `bascula`.`django_content_type` (`id`),
  CONSTRAINT `django_admin_log_user_id_c564eba6_fk_auth_user_id`
    FOREIGN KEY (`user_id`)
    REFERENCES `bascula`.`auth_user` (`id`));

CREATE TABLE IF NOT EXISTS `bascula`.`django_migrations` (
  `id` BIGINT NOT NULL AUTO_INCREMENT,
  `app` VARCHAR(255) NOT NULL,
  `name` VARCHAR(255) NOT NULL,
  `applied` DATETIME(6) NOT NULL,
  PRIMARY KEY (`id`));

CREATE TABLE IF NOT EXISTS `bascula`.`django_session` (
  `session_key` VARCHAR(40) NOT NULL,
  `session_data` LONGTEXT NOT NULL,
  `expire_date` DATETIME(6) NOT NULL,
  PRIMARY KEY (`session_key`),
  INDEX `django_session_expire_date_a5c62663` (`expire_date` ASC) VISIBLE);

CREATE TABLE TRANSPORTISTAS(
    ID BIGINT UNSIGNED AUTO_INCREMENT,
    CODIGO INT UNSIGNED NOT NULL, 
    NOMBRE VARCHAR(255) NOT NULL,
    NOMBRE_FANTASIA VARCHAR(255) NOT NULL,
    CUIT VARCHAR(13) NOT NULL,
    FCREACION DATETIME DEFAULT CURRENT_TIMESTAMP,
    ACTIVO BOOLEAN DEFAULT 1,
    CONSTRAINT PK_TRANSPORTISTAS PRIMARY KEY (ID, CODIGO),
    CONSTRAINT UNQ_TRANSPORTISTAS_CODIGO UNIQUE (CODIGO),
    CONSTRAINT UNQ_TRANSPORTISTAS_CUIT UNIQUE (CUIT)
);

CREATE TABLE CAMIONES(
    ID BIGINT UNSIGNED AUTO_INCREMENT,
    PATENTE VARCHAR(7) NOT NULL,
    CODIGO_TRANSPORTISTA INT UNSIGNED NOT NULL,
    TARA FLOAT NOT NULL, 
    FCREACION DATETIME DEFAULT CURRENT_TIMESTAMP,
    ACTIVO BOOLEAN DEFAULT 1,
    CONSTRAINT PK_CAMIONES PRIMARY KEY (ID),
    CONSTRAINT FK_CAMIONES_TRANSPORTISTAS FOREIGN KEY (CODIGO_TRANSPORTISTA) REFERENCES TRANSPORTISTAS(CODIGO),
    CONSTRAINT UNQ_CAMIONES_PATENTE UNIQUE (PATENTE)
);

CREATE TABLE DESTINOS(
    ID BIGINT UNSIGNED AUTO_INCREMENT,
    NOMBRE VARCHAR(255) NOT NULL,
    FCREACION DATETIME DEFAULT CURRENT_TIMESTAMP,
    ACTIVO BOOLEAN DEFAULT 1,
    CONSTRAINT PK_DESTINOS PRIMARY KEY (ID),
    CONSTRAINT UNQ_DESTINOS_NOMBRE UNIQUE (NOMBRE)
);

CREATE TABLE GENERADORES(
    ID BIGINT UNSIGNED AUTO_INCREMENT,
    NOMBRE VARCHAR(255) NOT NULL,
    NOMBRE_FANTASIA VARCHAR(255) NOT NULL,
    CUIT VARCHAR(13) NOT NULL,
    FCREACION DATETIME DEFAULT CURRENT_TIMESTAMP,
    ACTIVO BOOLEAN DEFAULT 1,
    CONSTRAINT PK_GENERADORES PRIMARY KEY (ID),
    CONSTRAINT UNQ_GENERADORES_CUIT UNIQUE (CUIT)
);

CREATE TABLE RESIDUOS(
    ID BIGINT UNSIGNED AUTO_INCREMENT,
    NOMBRE VARCHAR(255) NOT NULL,
    COSTO_TONELADA FLOAT NOT NULL,
    FCREACION DATETIME DEFAULT CURRENT_TIMESTAMP,
    ACTIVO BOOLEAN DEFAULT 1,
    CONSTRAINT PK_RESIDUOS PRIMARY KEY (ID),
    CONSTRAINT UNQ_RESIDUOS_NOMBRE UNIQUE (NOMBRE)
);

CREATE TABLE GENERADORES_RESIDUOS(
    ID BIGINT UNSIGNED AUTO_INCREMENT,
    ID_GENERADOR BIGINT UNSIGNED NOT NULL,
    ID_RESIDUO BIGINT UNSIGNED NOT NULL,
    FCREACION DATETIME DEFAULT CURRENT_TIMESTAMP,
    ACTIVO BOOLEAN DEFAULT 1,
    CONSTRAINT PK_GENERADORES_RESIDUOS PRIMARY KEY (ID),
    CONSTRAINT FK_GENRES_ID_GENERADOR FOREIGN KEY (ID_GENERADOR) REFERENCES GENERADORES(ID),
    CONSTRAINT FK_GENRES_ID_RESIDUO FOREIGN KEY (ID_RESIDUO) REFERENCES RESIDUOS(ID)
);

CREATE TABLE PESAJES(
    ID BIGINT UNSIGNED AUTO_INCREMENT,
    GENERADOR VARCHAR(255) NOT NULL,
    RESIDUO VARCHAR(255) NOT NULL,
    TRANSPORTISTA VARCHAR(255) NOT NULL,
    CAMION VARCHAR(255) NOT NULL,
    DESTINO VARCHAR(255) NOT NULL,
    PESAJE FLOAT NOT NULL,
    COSTO FLOAT NOT NULL,
    ID_USUARIO INT NOT NULL,
    FCREACION DATETIME DEFAULT CURRENT_TIMESTAMP,
    ACTIVO BOOLEAN DEFAULT 1,
    CONSTRAINT PK_PESAJES PRIMARY KEY (ID),
    CONSTRAINT FK_PESAJES_ID_USUARIO FOREIGN KEY (ID_USUARIO) REFERENCES AUTH_USER(ID)
);

INSERT INTO `TRANSPORTISTAS` (`ID`,`CODIGO`,`NOMBRE`,`NOMBRE_FANTASIA`,`CUIT`,`FCREACION`,`ACTIVO`) VALUES (1,50017,'MONDINO, NICOLAS SERGIO','NICO','20-30228955-8','2021-11-02 22:45:47',1);
INSERT INTO `TRANSPORTISTAS` (`ID`,`CODIGO`,`NOMBRE`,`NOMBRE_FANTASIA`,`CUIT`,`FCREACION`,`ACTIVO`) VALUES (2,50031,'DE SIMONE, RAFAEL ALBERTO','CONTE-RAF','20-24468227-9','2021-11-02 22:46:18',1);
INSERT INTO `TRANSPORTISTAS` (`ID`,`CODIGO`,`NOMBRE`,`NOMBRE_FANTASIA`,`CUIT`,`FCREACION`,`ACTIVO`) VALUES (3,50006,'CAMBARERI, DANIEL','ROMA','20-30025075-1','2021-11-02 22:46:45',1);
INSERT INTO `CAMIONES` (`ID`,`PATENTE`,`CODIGO_TRANSPORTISTA`,`TARA`,`FCREACION`,`ACTIVO`) VALUES (1,'AA414EU',50017,4560,'2021-11-02 23:36:43',1);
INSERT INTO `CAMIONES` (`ID`,`PATENTE`,`CODIGO_TRANSPORTISTA`,`TARA`,`FCREACION`,`ACTIVO`) VALUES (2,'AA630RI',50031,4000,'2021-11-02 23:36:43',1);
INSERT INTO `CAMIONES` (`ID`,`PATENTE`,`CODIGO_TRANSPORTISTA`,`TARA`,`FCREACION`,`ACTIVO`) VALUES (3,'AC113YL',50017,1500,'2021-11-02 23:36:43',1);
INSERT INTO `CAMIONES` (`ID`,`PATENTE`,`CODIGO_TRANSPORTISTA`,`TARA`,`FCREACION`,`ACTIVO`) VALUES (4,'AC177LI',50017,1200,'2021-11-02 23:36:43',1);
INSERT INTO `DESTINOS` (`ID`,`NOMBRE`,`FCREACION`,`ACTIVO`) VALUES (1,'CDFR\r\n','2021-10-30 20:59:19',1);
INSERT INTO `DESTINOS` (`ID`,`NOMBRE`,`FCREACION`,`ACTIVO`) VALUES (2,'PLANTA SOCIAL\r\n','2021-10-30 20:59:19',1);
INSERT INTO `DESTINOS` (`ID`,`NOMBRE`,`FCREACION`,`ACTIVO`) VALUES (3,'OSSE','2021-10-30 20:59:22',1);
INSERT INTO `GENERADORES` (`ID`,`NOMBRE`,`NOMBRE_FANTASIA`,`CUIT`,`FCREACION`,`ACTIVO`) VALUES (1,'PEPSICO DE ARGENTINA S.A.','PEPSICO','30-53764771-6','2021-11-02 22:09:23',1);
INSERT INTO `GENERADORES` (`ID`,`NOMBRE`,`NOMBRE_FANTASIA`,`CUIT`,`FCREACION`,`ACTIVO`) VALUES (2,'B. BRAUN MEDICAL S.A.','B BRAUN S.A.','30-69074787-8','2021-11-02 22:09:23',1);
INSERT INTO `GENERADORES` (`ID`,`NOMBRE`,`NOMBRE_FANTASIA`,`CUIT`,`FCREACION`,`ACTIVO`) VALUES (3,'SISTEMAS AMBIENTALES S.A.','SISTEMAS AMBIENTALES','30-67963320-8','2021-11-02 22:09:23',1);
INSERT INTO `GENERADORES` (`ID`,`NOMBRE`,`NOMBRE_FANTASIA`,`CUIT`,`FCREACION`,`ACTIVO`) VALUES (5,'SIN RESIDUOS','SIN R','20-40020327-0','2021-11-02 22:35:59',1);
INSERT INTO `RESIDUOS` (`ID`,`NOMBRE`,`COSTO_TONELADA`,`FCREACION`,`ACTIVO`) VALUES (1,'Aridos',900,'2021-11-02 22:11:55',1);
INSERT INTO `RESIDUOS` (`ID`,`NOMBRE`,`COSTO_TONELADA`,`FCREACION`,`ACTIVO`) VALUES (2,'Volatiles',1000,'2021-11-02 22:11:55',1);
INSERT INTO `RESIDUOS` (`ID`,`NOMBRE`,`COSTO_TONELADA`,`FCREACION`,`ACTIVO`) VALUES (3,'Biodegradables',500,'2021-11-02 22:11:55',1);
INSERT INTO `RESIDUOS` (`ID`,`NOMBRE`,`COSTO_TONELADA`,`FCREACION`,`ACTIVO`) VALUES (4,'Biológicos',1500,'2021-11-02 22:11:55',1);
INSERT INTO `GENERADORES_RESIDUOS` (`ID`,`ID_GENERADOR`,`ID_RESIDUO`,`FCREACION`,`ACTIVO`) VALUES (1,1,1,'2021-11-02 22:14:39',1);
INSERT INTO `GENERADORES_RESIDUOS` (`ID`,`ID_GENERADOR`,`ID_RESIDUO`,`FCREACION`,`ACTIVO`) VALUES (2,1,2,'2021-11-02 22:14:39',1);
INSERT INTO `GENERADORES_RESIDUOS` (`ID`,`ID_GENERADOR`,`ID_RESIDUO`,`FCREACION`,`ACTIVO`) VALUES (3,1,3,'2021-11-02 22:14:39',1);
INSERT INTO `GENERADORES_RESIDUOS` (`ID`,`ID_GENERADOR`,`ID_RESIDUO`,`FCREACION`,`ACTIVO`) VALUES (4,2,3,'2021-11-02 22:14:39',1);
INSERT INTO `GENERADORES_RESIDUOS` (`ID`,`ID_GENERADOR`,`ID_RESIDUO`,`FCREACION`,`ACTIVO`) VALUES (5,2,4,'2021-11-02 22:14:39',1);
INSERT INTO `GENERADORES_RESIDUOS` (`ID`,`ID_GENERADOR`,`ID_RESIDUO`,`FCREACION`,`ACTIVO`) VALUES (6,3,1,'2021-11-02 22:14:39',1);
INSERT INTO `GENERADORES_RESIDUOS` (`ID`,`ID_GENERADOR`,`ID_RESIDUO`,`FCREACION`,`ACTIVO`) VALUES (7,3,4,'2021-11-02 22:14:39',1);
INSERT INTO `AUTH_USER` (`id`,`password`,`last_login`,`is_superuser`,`username`,`first_name`,`last_name`,`email`,`is_staff`,`is_active`,`date_joined`) VALUES (1,'asd','0000-00-00 00:00:00.000000',0,'chrisma','Christian','Matias','emailfalso@hotmail.com',0,1,'0000-00-00 00:00:00.000000');
INSERT INTO `PESAJES` (`ID`,`GENERADOR`,`RESIDUO`,`TRANSPORTISTA`,`CAMION`,`DESTINO`,`PESAJE`,`COSTO`,`ID_USUARIO`,`FCREACION`,`ACTIVO`) VALUES (2,'PEPSICO DE ARGENTINA S.A.','Biodegradables','MONDINO, NICOLAS SERGIO','AA414EU','CDFR\r\n',4690,65000,1,'2021-11-03 02:33:14',1);
